order_id,customer_id,order_date,total_local,currency,status,discount_pct,payment_method
o_0000,c_008,2024-07-20,79.62,GBP,completed,0.0,credit_card
o_0001,c_086,2024-01-05,183.5,EUR,completed,10.0,wire
o_0002,c_112,2024-07-01,136.7,CAD,completed,15.0,credit_card
o_0003,c_078,2024-07-25,108.55,USD,completed,10.0,credit_card
o_0004,c_002,2024-01-16,247.11,EUR,pending,0.0,wire
o_0005,c_053,2024-06-24,131.71,USD,completed,0.0,paypal
o_0006,c_062,2024-07-02,75.62,CAD,completed,0.0,paypal
o_0007,c_006,2024-05-03,84.34,USD,completed,0.0,credit_card
o_0008,c_105,2024-10-09,164.25,CAD,completed,15.0,wire
o_0009,c_080,2024-04-24,362.0,EUR,completed,0.0,credit_card
o_0010,c_096,2024-11-28,252.48,AUD,completed,20.0,apple_pay
o_0011,c_031,2024-11-17,356.85,EUR,completed,0.0,wire
o_0012,c_005,2024-06-28,201.54,AUD,completed,20.0,apple_pay
o_0013,c_042,2024-11-24,79.99,USD,completed,0.0,apple_pay
o_0014,c_034,2024-06-26,125.11,GBP,pending,0.0,apple_pay
o_0015,c_100,2024-08-18,87.18,USD,refunded,0.0,paypal
o_0016,c_021,2024-08-11,48.47,GBP,cancelled,10.0,paypal
o_0017,c_987,2024-07-26,100.59,USD,cancelled,0.0,apple_pay
o_0018,c_032,2024-04-28,137.32,USD,completed,10.0,apple_pay
o_0019,c_942,2024-09-27,73.22,USD,refunded,10.0,apple_pay
o_0020,c_082,2024-07-19,87.08,USD,pending,0.0,paypal
o_0021,c_910,2024-11-25,143.14,USD,completed,0.0,credit_card
o_0022,c_030,2024-09-10,82.99,USD,completed,5.0,credit_card
o_0023,c_006,2024-03-05,97.49,USD,cancelled,5.0,credit_card
o_0024,c_078,2024-08-17,187.44,USD,completed,0.0,apple_pay
o_0025,c_026,2024-01-20,94.59,USD,completed,0.0,paypal
o_0026,c_064,2024-05-01,93.53,AUD,completed,0.0,credit_card
o_0027,c_039,2024-02-01,115.32,USD,completed,0.0,apple_pay
o_0028,c_055,2024-05-23,75.21,GBP,completed,20.0,wire
o_0029,c_034,2024-09-30,75.1,GBP,completed,0.0,apple_pay
o_0030,c_012,2024-12-25,95.24,USD,completed,0.0,wire
o_0031,c_023,2020-11-12,101.8,GBP,completed,20.0,wire
o_0032,c_110,2024-09-26,148.65,GBP,pending,10.0,credit_card
o_0033,c_119,2024-11-26,97.78,USD,completed,10.0,credit_card
o_0034,c_035,2024-04-20,111.28,USD,completed,0.0,credit_card
o_0035,c_032,2024-03-28,124.89,USD,completed,5.0,paypal
o_0036,c_078,2024-12-24,179.07,USD,cancelled,5.0,wire
o_0037,c_092,2024-09-23,118.69,USD,completed,15.0,wire
o_0038,c_027,2024-10-29,270.59,EUR,completed,0.0,credit_card
o_0039,c_038,2024-10-30,66.68,GBP,completed,0.0,paypal
o_0040,c_042,2024-09-11,191.71,USD,completed,0.0,credit_card
o_0041,c_077,2024-01-13,94.96,GBP,cancelled,0.0,credit_card
o_0042,c_065,2024-01-30,299.1,EUR,completed,0.0,credit_card
o_0043,c_043,2024-02-15,96.44,GBP,cancelled,10.0,wire
o_0044,c_113,2024-10-14,86.94,USD,completed,20.0,apple_pay
o_0045,c_111,2024-06-17,123.78,USD,completed,5.0,credit_card
o_0046,c_015,2024-04-19,113.29,USD,refunded,0.0,wire
o_0047,c_023,2024-09-21,139.08,GBP,cancelled,0.0,credit_card
o_0048,c_114,2024-03-13,67.06,USD,completed,0.0,wire
o_0049,c_029,2024-12-20,139.05,USD,completed,10.0,paypal
o_0050,c_010,2024-11-19,110.98,USD,completed,0.0,apple_pay
o_0051,c_016,2024-09-26,88.98,USD,cancelled,5.0,apple_pay
o_0052,c_068,2024-05-28,156.95,USD,completed,0.0,credit_card
o_0053,c_034,2024-06-24,110.12,GBP,completed,0.0,paypal
o_0054,c_077,2024-10-18,67.2,GBP,completed,20.0,credit_card
o_0055,c_093,2024-02-19,82.95,USD,completed,0.0,paypal
o_0056,c_074,2024-04-22,186.56,USD,pending,0.0,wire
o_0057,c_962,2020-03-17,54.7,USD,completed,0.0,apple_pay
o_0058,c_079,2024-10-12,96.91,GBP,completed,10.0,credit_card
o_0059,c_105,2024-06-08,162.84,CAD,cancelled,0.0,apple_pay
o_0060,c_102,2024-08-08,116.95,GBP,completed,0.0,credit_card
o_0061,c_011,2020-06-18,329.39,EUR,completed,0.0,paypal
o_0062,c_066,2024-05-21,162.53,USD,completed,0.0,credit_card
o_0063,c_021,2024-07-07,142.27,GBP,completed,10.0,apple_pay
o_0064,c_012,2024-01-16,156.78,USD,completed,10.0,credit_card
o_0065,c_101,2024-06-12,174.82,GBP,completed,0.0,wire
o_0066,c_075,2024-09-06,128.76,GBP,completed,0.0,wire
o_0067,c_087,2024-04-28,211.51,EUR,completed,0.0,credit_card
o_0068,c_118,2024-08-24,74.99,GBP,pending,0.0,apple_pay
o_0069,c_048,2024-01-28,164.17,USD,completed,0.0,paypal
o_0070,c_110,2024-12-16,101.97,GBP,cancelled,20.0,paypal
o_0071,c_009,2024-02-01,115.16,USD,completed,0.0,paypal
o_0072,c_023,2024-02-21,64.13,GBP,completed,0.0,credit_card
o_0073,c_031,2024-11-23,278.49,EUR,completed,10.0,wire
o_0074,c_040,2024-02-06,89.41,GBP,completed,0.0,paypal
o_0075,c_004,2024-03-05,103.15,USD,completed,0.0,paypal
o_0076,c_079,2024-09-16,105.72,GBP,completed,15.0,wire
o_0077,c_024,2024-11-30,131.93,USD,completed,0.0,paypal
o_0078,c_002,2024-04-11,404.88,EUR,completed,0.0,credit_card
o_0079,c_098,2024-01-06,136.89,USD,completed,10.0,paypal
o_0080,c_011,2024-06-16,241.2,EUR,completed,0.0,apple_pay
o_0081,c_101,2024-01-09,39.63,GBP,completed,0.0,credit_card
o_0082,c_039,2024-07-26,134.66,USD,completed,0.0,credit_card
o_0083,c_035,2024-02-19,134.19,USD,completed,0.0,paypal
o_0084,c_059,2024-07-12,79.13,GBP,completed,0.0,paypal
o_0085,c_118,2024-10-28,140.92,GBP,completed,0.0,wire
o_0086,c_011,2024-01-08,321.85,EUR,cancelled,0.0,credit_card
o_0087,c_085,2024-07-30,96.83,USD,cancelled,0.0,paypal
o_0088,c_076,2024-03-11,193.17,EUR,completed,0.0,paypal
o_0089,c_091,2024-11-01,83.25,CAD,completed,10.0,credit_card
o_0090,c_091,2024-05-03,133.1,CAD,completed,0.0,apple_pay
o_0091,c_091,2024-12-30,178.05,CAD,completed,0.0,paypal
o_0092,c_096,2024-07-06,159.64,AUD,completed,0.0,wire
o_0093,c_097,2024-03-21,149.02,USD,completed,20.0,apple_pay
o_0094,c_055,2024-05-17,36.93,GBP,completed,0.0,paypal
o_0095,c_030,2024-06-21,126.89,USD,completed,0.0,paypal
o_0096,c_063,2024-06-11,398.41,EUR,completed,0.0,apple_pay
o_0097,c_033,2024-07-19,80.76,GBP,completed,0.0,credit_card
o_0098,c_010,2024-08-30,151.7,USD,completed,0.0,paypal
o_0099,c_061,2024-01-23,69.99,USD,completed,10.0,credit_card
o_0100,c_017,2024-04-16,110.4,USD,completed,0.0,apple_pay
o_0101,c_118,2024-05-18,59.75,GBP,completed,0.0,apple_pay
o_0102,c_041,2024-06-23,141.73,GBP,pending,10.0,paypal
o_0103,c_010,2024-08-15,135.02,USD,completed,0.0,credit_card
o_0104,c_040,2024-12-22,111.37,GBP,cancelled,0.0,wire
o_0105,c_076,2024-01-30,230.29,EUR,completed,0.0,apple_pay
o_0106,c_042,2020-02-09,110.11,USD,pending,0.0,apple_pay
o_0107,c_007,2024-12-30,76.0,GBP,completed,0.0,apple_pay
o_0108,c_026,2024-12-26,37.19,USD,completed,0.0,credit_card
o_0109,c_089,2024-02-16,243.82,AUD,pending,0.0,paypal
o_0110,c_003,2024-05-19,141.23,GBP,completed,10.0,credit_card
o_0111,c_088,2024-11-17,196.96,EUR,completed,0.0,paypal
o_0112,c_965,2024-09-18,173.26,USD,completed,0.0,wire
o_0113,c_039,2024-01-08,122.8,USD,pending,10.0,paypal
o_0114,c_017,2024-03-26,159.91,USD,completed,0.0,paypal
o_0115,c_111,2024-04-15,201.73,USD,completed,10.0,wire
o_0116,c_058,2024-07-07,111.41,USD,completed,0.0,credit_card
o_0117,c_033,2024-03-30,89.08,GBP,completed,0.0,credit_card
o_0118,c_059,2024-09-21,62.82,GBP,completed,15.0,credit_card
o_0119,c_099,2024-05-21,124.68,CAD,completed,0.0,wire
o_0120,c_074,2024-01-23,95.14,USD,completed,0.0,paypal
o_0121,c_090,2024-07-31,81.4,GBP,completed,0.0,apple_pay
o_0122,c_094,2024-12-07,316.42,EUR,completed,0.0,credit_card
o_0123,c_114,2024-06-18,134.75,USD,completed,0.0,wire
o_0124,c_065,2024-12-02,359.59,EUR,completed,0.0,paypal
o_0125,c_090,2024-05-23,103.53,GBP,cancelled,0.0,paypal
o_0126,c_105,2024-04-13,194.2,CAD,completed,15.0,wire
o_0127,c_039,2024-12-18,73.41,USD,completed,10.0,wire
o_0128,c_073,2024-03-26,72.72,CAD,completed,0.0,apple_pay
o_0129,c_037,2024-05-05,89.91,USD,completed,0.0,apple_pay
o_0130,c_055,2024-02-22,101.21,GBP,cancelled,20.0,paypal
o_0131,c_091,2024-09-07,151.5,CAD,cancelled,20.0,wire
o_0132,c_017,2024-12-01,112.26,USD,completed,0.0,paypal
o_0133,c_075,2024-01-02,81.66,GBP,completed,0.0,wire
o_0134,c_089,2024-01-14,174.71,AUD,completed,0.0,paypal
o_0135,c_031,2024-06-08,387.49,EUR,completed,0.0,apple_pay
o_0136,c_086,2024-08-02,383.67,EUR,completed,15.0,credit_card
o_0137,c_097,2024-11-04,147.25,USD,refunded,0.0,apple_pay
o_0138,c_108,2024-12-06,167.49,EUR,completed,0.0,wire
o_0139,c_061,2024-01-06,113.55,USD,completed,0.0,paypal
o_0140,c_098,2024-02-19,198.25,USD,refunded,0.0,paypal
o_0141,c_091,2024-04-19,119.53,CAD,completed,0.0,apple_pay
o_0142,c_019,2024-03-05,108.12,GBP,completed,0.0,credit_card
o_0143,c_094,2024-10-05,283.97,EUR,cancelled,0.0,wire
o_0144,c_012,2024-03-29,62.3,USD,completed,15.0,wire
o_0145,c_025,2024-06-18,150.3,USD,completed,0.0,apple_pay
o_0146,c_036,2024-10-01,125.47,GBP,completed,0.0,wire
o_0147,c_001,2024-11-22,57.83,USD,completed,0.0,wire
o_0148,c_024,2024-09-26,125.34,USD,completed,0.0,apple_pay
o_0149,c_909,2024-07-13,68.04,USD,completed,10.0,apple_pay
o_0150,c_054,2024-06-21,67.31,GBP,completed,0.0,paypal
o_0151,c_102,2024-02-20,95.57,GBP,completed,10.0,paypal
o_0152,c_088,2024-09-13,506.49,EUR,completed,10.0,paypal
o_0153,c_032,2024-05-04,109.35,USD,completed,0.0,apple_pay
o_0154,c_102,2024-07-16,56.01,GBP,cancelled,10.0,credit_card
o_0155,c_039,2024-05-19,85.6,USD,refunded,20.0,wire
o_0156,c_101,2024-09-20,106.4,GBP,completed,15.0,paypal
o_0157,c_085,2024-04-23,123.92,USD,completed,0.0,wire
o_0158,c_001,2024-04-10,123.29,USD,pending,0.0,apple_pay
o_0159,c_040,2024-09-30,84.71,GBP,completed,0.0,wire
o_0160,c_007,2024-12-26,143.06,GBP,completed,0.0,paypal
o_0161,c_083,2024-08-30,100.06,USD,cancelled,5.0,wire
o_0162,c_024,2024-03-03,149.77,USD,completed,0.0,credit_card
o_0163,c_090,2024-06-20,89.0,GBP,completed,20.0,credit_card
o_0164,c_074,2024-12-03,132.11,USD,completed,0.0,paypal
o_0165,c_049,2020-01-05,112.41,CAD,completed,0.0,apple_pay
o_0166,c_118,2024-09-29,121.51,GBP,completed,5.0,credit_card
o_0167,c_115,2024-06-05,177.9,AUD,completed,0.0,paypal
o_0168,c_048,2024-12-29,67.82,USD,completed,0.0,apple_pay
o_0169,c_033,2024-03-27,76.94,GBP,cancelled,0.0,credit_card
o_0170,c_090,2024-12-24,102.14,GBP,cancelled,0.0,paypal
o_0171,c_035,2024-08-24,129.0,USD,completed,0.0,apple_pay
o_0172,c_081,2024-07-18,91.51,CAD,completed,5.0,paypal
o_0173,c_043,2024-07-13,69.38,GBP,completed,0.0,paypal
o_0174,c_023,2024-02-03,107.95,GBP,refunded,5.0,apple_pay
o_0175,c_037,2024-03-28,69.13,USD,refunded,20.0,paypal
o_0176,c_089,2024-07-02,6929.54,AUD,completed,5.0,wire
o_0177,c_007,2024-08-01,87.54,GBP,pending,5.0,paypal
o_0178,c_062,2024-04-08,192.72,CAD,cancelled,0.0,apple_pay
o_0179,c_084,2024-03-16,107.26,GBP,completed,0.0,credit_card
o_0180,c_032,2024-08-28,161.74,USD,refunded,0.0,credit_card
o_0181,c_063,2024-02-22,379.74,EUR,completed,0.0,apple_pay
o_0182,c_079,2024-01-30,93.84,GBP,completed,0.0,credit_card
o_0183,c_110,2024-01-04,25.32,GBP,completed,5.0,wire
o_0184,c_071,2024-02-12,204.45,USD,completed,5.0,wire
o_0185,c_042,2024-07-10,61.69,USD,refunded,0.0,wire
o_0186,c_049,2024-04-24,68.83,CAD,completed,0.0,wire
o_0187,c_116,2024-03-14,122.9,USD,completed,0.0,wire
o_0188,c_070,2024-07-26,36.1,GBP,cancelled,0.0,credit_card
o_0189,c_078,2024-04-03,88.0,USD,refunded,5.0,apple_pay
o_0190,c_085,2024-10-16,124.93,USD,completed,0.0,credit_card
o_0191,c_098,2024-05-05,178.29,USD,completed,5.0,paypal
o_0192,c_048,2024-05-26,146.64,USD,completed,10.0,paypal
o_0193,c_101,2024-09-12,88.9,GBP,completed,0.0,wire
o_0194,c_025,2024-08-09,174.84,USD,completed,0.0,credit_card
o_0195,c_016,2024-03-05,171.57,USD,completed,0.0,apple_pay
o_0196,c_007,2024-06-29,133.11,GBP,completed,0.0,paypal
o_0197,c_014,2024-02-08,140.17,GBP,completed,5.0,credit_card
o_0198,c_913,2024-06-20,170.09,USD,completed,15.0,paypal
o_0199,c_044,2024-06-01,362.61,EUR,completed,15.0,apple_pay
o_0200,c_114,2024-07-23,151.29,USD,completed,0.0,wire
o_0201,c_119,2024-01-07,117.14,USD,completed,0.0,paypal
o_0202,c_099,2024-05-23,123.24,CAD,cancelled,0.0,paypal
o_0203,c_115,2024-10-19,113.39,AUD,cancelled,0.0,credit_card
o_0204,c_038,2024-09-19,127.28,GBP,completed,5.0,apple_pay
o_0205,c_117,2024-03-08,105.1,USD,completed,0.0,apple_pay
o_0206,c_051,2024-04-27,171.21,USD,refunded,15.0,paypal
o_0207,c_075,2024-04-05,87.4,GBP,completed,0.0,paypal
o_0208,c_014,2020-06-25,78.23,GBP,completed,0.0,paypal
o_0209,c_108,2024-08-11,346.02,EUR,completed,10.0,wire
o_0210,c_113,2024-07-14,170.43,USD,cancelled,0.0,apple_pay
o_0211,c_084,2024-04-10,138.94,GBP,completed,0.0,wire
o_0212,c_087,2024-01-06,379.17,EUR,completed,15.0,paypal
o_0213,c_100,2024-02-24,131.69,USD,completed,20.0,paypal
o_0214,c_065,2024-03-21,384.2,EUR,completed,10.0,wire
o_0215,c_057,2024-02-08,442.38,EUR,completed,0.0,credit_card
o_0216,c_073,2024-12-05,65.75,CAD,pending,0.0,wire
o_0217,c_064,2024-08-28,185.91,AUD,completed,0.0,credit_card
o_0218,c_067,2024-05-28,123.6,GBP,completed,0.0,apple_pay
o_0219,c_086,2024-04-25,290.83,EUR,completed,0.0,apple_pay
o_0220,c_100,2024-04-27,165.91,USD,completed,0.0,apple_pay
o_0221,c_098,2024-10-19,92.76,USD,completed,0.0,wire
o_0222,c_932,2024-07-24,99.69,USD,completed,0.0,paypal
o_0223,c_069,2024-02-05,130.68,USD,completed,0.0,apple_pay
o_0224,c_065,2024-05-06,507.91,EUR,completed,0.0,credit_card
o_0225,c_092,2024-06-20,133.01,USD,completed,0.0,wire
o_0226,c_048,2024-08-20,107.48,USD,completed,0.0,apple_pay
o_0227,c_080,2024-09-30,121.67,EUR,completed,0.0,paypal
o_0228,c_031,2024-01-24,278.98,EUR,pending,0.0,credit_card
o_0229,c_074,2024-05-04,124.94,USD,completed,0.0,apple_pay
o_0230,c_098,2024-02-07,164.68,USD,completed,0.0,wire
o_0231,c_100,2024-10-28,106.08,USD,completed,10.0,wire
o_0232,c_048,2024-04-01,119.67,USD,completed,0.0,paypal
o_0233,c_115,2024-02-23,158.56,AUD,completed,5.0,apple_pay
o_0234,c_113,2024-03-20,92.56,USD,completed,5.0,wire
o_0235,c_017,2024-02-28,114.4,USD,completed,0.0,wire
o_0236,c_007,2024-09-13,15027.85,GBP,refunded,0.0,credit_card
o_0237,c_054,2024-05-15,99.85,GBP,completed,0.0,wire
o_0238,c_095,2024-10-31,301.93,EUR,completed,0.0,credit_card
o_0239,c_103,2024-05-27,128.24,USD,refunded,0.0,wire
o_0240,c_067,2024-01-28,129.21,GBP,cancelled,0.0,credit_card
o_0241,c_099,2024-12-11,119.38,CAD,completed,0.0,credit_card
o_0242,c_013,2024-07-01,124.19,USD,completed,0.0,credit_card
o_0243,c_043,2024-04-01,51.64,GBP,cancelled,0.0,apple_pay
o_0244,c_112,2024-05-19,49.4,CAD,pending,5.0,apple_pay
o_0245,c_100,2024-11-21,85.5,USD,refunded,0.0,paypal
o_0246,c_108,2024-06-21,177.41,EUR,refunded,5.0,credit_card
o_0247,c_030,2024-07-02,116.29,USD,completed,0.0,credit_card
o_0248,c_051,2024-07-22,135.43,USD,completed,5.0,credit_card
o_0249,c_059,2024-05-20,100.41,GBP,completed,0.0,wire
o_0250,c_088,2024-12-18,404.3,EUR,completed,0.0,paypal
o_0251,c_053,2024-05-23,111.75,USD,refunded,0.0,apple_pay
o_0252,c_076,2024-11-08,263.21,EUR,completed,0.0,paypal
o_0253,c_067,2020-05-06,71.99,GBP,pending,0.0,credit_card
o_0254,c_072,2024-12-01,170.93,USD,completed,5.0,apple_pay
o_0255,c_115,2024-12-15,150.62,AUD,completed,10.0,paypal
o_0256,c_023,2024-12-13,72.82,GBP,completed,0.0,apple_pay
o_0257,c_058,2024-09-06,69.27,USD,completed,0.0,wire
o_0258,c_065,2024-09-10,81.73,EUR,completed,0.0,paypal
o_0259,c_009,2024-06-19,135.8,USD,completed,0.0,apple_pay
o_0260,c_036,2024-03-06,123.14,GBP,completed,0.0,wire
o_0261,c_110,2024-04-18,104.78,GBP,cancelled,0.0,paypal
o_0262,c_040,2024-10-11,131.7,GBP,completed,0.0,credit_card
o_0263,c_060,2024-06-22,108.52,GBP,completed,0.0,paypal
o_0264,c_104,2024-11-27,149.66,USD,completed,0.0,credit_card
o_0265,c_069,2024-07-03,44.08,USD,completed,20.0,credit_card
o_0266,c_083,2024-03-21,112.52,USD,completed,10.0,paypal
o_0267,c_005,2024-08-23,157.82,AUD,completed,0.0,wire
o_0268,c_044,2024-07-30,347.57,EUR,completed,20.0,credit_card
o_0269,c_020,2024-09-24,74.11,USD,completed,0.0,apple_pay
o_0270,c_114,2024-07-30,185.6,USD,completed,0.0,apple_pay
o_0271,c_023,2024-05-21,124.73,GBP,completed,0.0,apple_pay
o_0272,c_072,2024-09-06,102.01,USD,completed,10.0,wire
o_0273,c_002,2024-03-11,225.03,EUR,completed,0.0,credit_card
o_0274,c_082,2024-05-12,141.55,USD,completed,0.0,credit_card
o_0275,c_076,2024-02-20,120.69,EUR,completed,0.0,paypal
o_0276,c_031,2024-11-17,206.79,EUR,cancelled,0.0,wire
o_0277,c_034,2024-02-24,121.24,GBP,completed,0.0,apple_pay
o_0278,c_078,2024-02-04,127.72,USD,completed,0.0,wire
o_0279,c_038,2024-03-31,96.17,GBP,completed,10.0,paypal
o_0280,c_085,2024-02-21,107.0,USD,completed,15.0,apple_pay
o_0281,c_113,2024-10-25,107.54,USD,pending,0.0,paypal
o_0282,c_100,2024-01-03,122.45,USD,cancelled,5.0,credit_card
o_0283,c_087,2024-01-01,156.47,EUR,completed,0.0,paypal
o_0284,c_007,2024-03-28,78.31,GBP,pending,0.0,credit_card
o_0285,c_046,2024-05-04,119.51,USD,pending,0.0,paypal
o_0286,c_043,2024-02-11,85.09,GBP,completed,0.0,credit_card
o_0287,c_001,2024-02-20,101.09,USD,completed,10.0,paypal
o_0288,c_090,2024-10-01,64.71,GBP,completed,0.0,apple_pay
o_0289,c_112,2024-04-16,198.49,CAD,cancelled,0.0,apple_pay
o_0290,c_101,2024-11-30,109.46,GBP,completed,0.0,apple_pay
o_0291,c_031,2024-05-25,269.86,EUR,refunded,0.0,wire
o_0292,c_054,2024-07-19,86.75,GBP,completed,0.0,apple_pay
o_0293,c_033,2024-08-23,13136.36,GBP,completed,0.0,wire
o_0294,c_100,2024-08-05,66.29,USD,completed,20.0,apple_pay
o_0295,c_043,2024-03-27,100.04,GBP,completed,5.0,paypal
o_0296,c_005,2024-06-15,147.6,AUD,cancelled,0.0,paypal
o_0297,c_078,2024-06-06,113.04,USD,refunded,15.0,credit_card
o_0298,c_001,2024-03-05,167.34,USD,pending,0.0,apple_pay
o_0299,c_109,2024-08-26,94.85,GBP,completed,0.0,wire
o_0300,c_079,2024-07-25,100.23,GBP,completed,0.0,credit_card
o_0301,c_074,2024-03-28,156.57,USD,completed,0.0,apple_pay
o_0302,c_100,2024-06-08,137.61,USD,completed,10.0,apple_pay
o_0303,c_047,2024-11-25,159.36,USD,completed,5.0,wire
o_0304,c_029,2024-05-11,123.77,USD,completed,0.0,apple_pay
o_0305,c_026,2024-10-05,128.37,USD,pending,0.0,apple_pay
o_0306,c_038,2024-11-19,105.83,GBP,completed,0.0,apple_pay
o_0307,c_047,2024-02-03,119.84,USD,completed,0.0,wire
o_0308,c_064,2024-02-27,168.33,AUD,completed,0.0,wire
o_0309,c_071,2024-05-28,176.27,USD,completed,0.0,wire
o_0310,c_011,2024-02-19,497.32,EUR,completed,0.0,credit_card
o_0311,c_026,2024-03-20,123.64,USD,completed,0.0,paypal
o_0312,c_920,2024-03-07,153.43,USD,completed,20.0,wire
o_0313,c_057,2024-03-08,308.02,EUR,completed,0.0,apple_pay
o_0314,c_114,2024-11-05,194.0,USD,completed,0.0,wire
o_0315,c_040,2024-03-21,72.85,GBP,completed,5.0,wire
o_0316,c_058,2024-12-26,126.82,USD,pending,5.0,paypal
o_0317,c_097,2024-08-08,105.21,USD,completed,0.0,apple_pay
o_0318,c_092,2024-06-12,158.58,USD,completed,0.0,credit_card
o_0319,c_099,2024-02-05,118.72,CAD,refunded,15.0,wire
o_0320,c_061,2024-03-22,124.07,USD,completed,0.0,apple_pay
o_0321,c_100,2024-10-30,155.41,USD,completed,0.0,paypal
o_0322,c_116,2024-12-01,141.73,USD,completed,0.0,wire
o_0323,c_027,2024-07-04,370.16,EUR,completed,0.0,credit_card
o_0324,c_011,2024-06-17,377.86,EUR,completed,5.0,apple_pay
o_0325,c_009,2024-06-20,134.98,USD,completed,0.0,wire
o_0326,c_105,2024-01-11,164.31,CAD,completed,0.0,apple_pay
o_0327,c_094,2024-01-26,254.4,EUR,completed,0.0,paypal
o_0328,c_104,2024-11-13,98.71,USD,completed,5.0,wire
o_0329,c_083,2024-04-06,172.16,USD,completed,0.0,paypal
o_0330,c_031,2024-09-05,239.6,EUR,completed,0.0,paypal
o_0331,c_034,2024-06-30,136.03,GBP,completed,15.0,paypal
o_0332,c_096,2024-10-10,244.34,AUD,completed,10.0,paypal
o_0333,c_058,2024-06-24,110.51,USD,completed,0.0,apple_pay
o_0334,c_011,2024-03-12,440.58,EUR,completed,5.0,apple_pay
o_0335,c_088,2024-10-14,285.44,EUR,completed,0.0,credit_card
o_0336,c_084,2024-01-16,122.55,GBP,completed,0.0,credit_card
o_0337,c_106,2024-05-18,166.5,USD,completed,0.0,paypal
o_0338,c_008,2024-05-01,63.23,GBP,pending,0.0,wire
o_0339,c_057,2024-05-17,383.37,EUR,completed,0.0,paypal
o_0340,c_050,2024-09-24,100.89,GBP,completed,0.0,credit_card
o_0341,c_048,2020-04-26,144.35,USD,completed,0.0,apple_pay
o_0342,c_014,2024-10-21,144.75,GBP,completed,0.0,credit_card
o_0343,c_044,2024-07-09,356.96,EUR,completed,20.0,wire
o_0344,c_051,2024-09-13,104.26,USD,cancelled,0.0,paypal
o_0345,c_025,2024-04-23,81.85,USD,pending,0.0,wire
o_0346,c_096,2024-01-09,265.14,AUD,completed,10.0,credit_card
o_0347,c_110,2024-06-15,90.54,GBP,completed,0.0,apple_pay
o_0348,c_006,2024-12-03,195.09,USD,completed,10.0,paypal
o_0349,c_074,2024-12-25,128.22,USD,completed,0.0,paypal
o_0350,c_095,2024-04-25,354.91,EUR,completed,0.0,wire
o_0351,c_073,2024-12-08,138.03,CAD,completed,0.0,wire
o_0352,c_070,2024-11-06,56.46,GBP,completed,20.0,apple_pay
o_0353,c_118,2024-02-06,73.58,GBP,completed,0.0,paypal
o_0354,c_051,2024-05-27,116.98,USD,cancelled,15.0,wire
o_0355,c_059,2024-04-22,79.45,GBP,completed,0.0,credit_card
o_0356,c_055,2024-04-25,73.85,GBP,completed,0.0,credit_card
o_0357,c_034,2024-11-06,99.84,GBP,cancelled,0.0,wire
o_0358,c_086,2024-07-13,312.64,EUR,completed,0.0,paypal
o_0359,c_077,2024-03-20,116.73,GBP,cancelled,0.0,credit_card
o_0360,c_109,2024-08-04,113.29,GBP,completed,0.0,wire
o_0361,c_084,2024-09-17,39.62,GBP,completed,0.0,apple_pay
o_0362,c_048,2024-01-28,147.8,USD,completed,5.0,apple_pay
o_0363,c_003,2024-12-18,87.58,GBP,completed,15.0,wire
o_0364,c_015,2024-04-19,112.75,USD,completed,20.0,paypal
o_0365,c_019,2024-01-31,161.36,GBP,completed,10.0,wire
o_0366,c_079,2024-09-21,47.0,GBP,completed,0.0,wire
o_0367,c_095,2024-10-22,380.82,EUR,completed,0.0,apple_pay
o_0368,c_083,2024-05-19,186.91,USD,completed,0.0,credit_card
o_0369,c_112,2024-04-22,126.13,CAD,completed,0.0,paypal
o_0370,c_097,2024-05-24,123.96,USD,completed,0.0,paypal
o_0371,c_113,2024-02-01,139.93,USD,completed,0.0,apple_pay
o_0372,c_119,2024-08-12,152.17,USD,completed,0.0,credit_card
o_0373,c_112,2024-06-05,40.56,CAD,completed,0.0,wire
o_0374,c_017,2024-03-27,145.99,USD,completed,0.0,credit_card
o_0375,c_064,2024-09-18,117.36,AUD,completed,0.0,wire
o_0376,c_106,2024-04-27,90.97,USD,completed,0.0,wire
o_0377,c_025,2024-01-06,73.98,USD,completed,0.0,paypal
o_0378,c_022,2024-01-17,58.07,GBP,cancelled,5.0,wire
o_0379,c_059,2024-10-22,118.96,GBP,completed,5.0,wire
o_0380,c_035,2024-10-30,129.15,USD,completed,0.0,apple_pay
o_0381,c_039,2024-10-30,90.85,USD,refunded,0.0,credit_card
o_0382,c_042,2024-04-14,98.68,USD,completed,0.0,wire
o_0383,c_101,2024-11-13,123.18,GBP,completed,0.0,apple_pay
o_0384,c_077,2024-11-16,98.31,GBP,completed,15.0,credit_card
o_0385,c_118,2024-01-07,100.25,GBP,completed,5.0,apple_pay
o_0386,c_060,2024-03-19,80.86,GBP,completed,10.0,wire
o_0387,c_029,2024-09-02,46.64,USD,completed,15.0,paypal
o_0388,c_032,2024-09-19,99.54,USD,completed,0.0,credit_card
o_0389,c_017,2024-01-15,95.31,USD,completed,0.0,credit_card
o_0390,c_021,2024-05-23,120.19,GBP,completed,5.0,apple_pay
o_0391,c_119,2024-03-23,116.47,USD,cancelled,15.0,paypal
o_0392,c_000,2024-05-23,100.04,AUD,completed,0.0,credit_card
o_0393,c_103,2024-06-09,96.86,USD,completed,0.0,apple_pay
o_0394,c_040,2024-12-02,77.49,GBP,completed,0.0,credit_card
o_0395,c_026,2024-03-23,108.19,USD,completed,0.0,credit_card
o_0396,c_063,2024-01-07,309.46,EUR,completed,0.0,apple_pay
o_0397,c_069,2024-08-04,98.89,USD,completed,0.0,paypal
o_0398,c_069,2024-11-03,144.12,USD,completed,0.0,paypal
o_0399,c_063,2024-11-08,485.41,EUR,pending,0.0,wire
o_0400,c_119,2024-12-12,84.76,USD,completed,0.0,paypal
o_0401,c_045,2020-10-09,179.68,AUD,completed,5.0,apple_pay
o_0402,c_034,2024-11-25,126.4,GBP,completed,0.0,credit_card
o_0403,c_073,2024-01-17,139.45,CAD,completed,0.0,apple_pay
o_0404,c_101,2024-05-27,64.38,GBP,completed,10.0,paypal
o_0405,c_063,2024-01-03,172.78,EUR,completed,0.0,wire
o_0406,c_113,2024-06-01,73.06,USD,refunded,10.0,credit_card
o_0407,c_114,2024-03-01,102.6,USD,completed,0.0,wire
o_0408,c_116,2024-12-16,55.85,USD,completed,15.0,apple_pay
o_0409,c_102,2024-08-21,94.28,GBP,completed,0.0,wire
o_0410,c_969,2024-09-20,152.32,USD,completed,0.0,credit_card
o_0411,c_058,2024-03-26,154.54,USD,completed,5.0,paypal
o_0412,c_074,2024-02-28,87.0,USD,completed,5.0,paypal
o_0413,c_013,2024-08-09,109.57,USD,completed,5.0,apple_pay
o_0414,c_103,2024-04-15,168.17,USD,completed,0.0,paypal
o_0415,c_020,2024-08-24,158.17,USD,completed,0.0,apple_pay
o_0416,c_087,2024-09-05,335.7,EUR,completed,15.0,wire
o_0417,c_023,2024-01-17,115.56,GBP,completed,10.0,wire
o_0418,c_014,2024-08-06,93.69,GBP,completed,10.0,credit_card
o_0419,c_031,2024-04-29,335.22,EUR,completed,10.0,paypal
o_0420,c_069,2024-03-18,129.88,USD,completed,15.0,wire
o_0421,c_004,2024-02-29,97.65,USD,completed,0.0,credit_card
o_0422,c_006,2024-10-07,92.29,USD,completed,0.0,apple_pay
o_0423,c_063,2024-06-12,225.81,EUR,completed,0.0,credit_card
o_0424,c_066,2024-11-12,141.68,USD,completed,0.0,paypal
o_0425,c_098,2024-11-17,145.3,USD,completed,0.0,wire
o_0426,c_092,2024-10-22,102.85,USD,completed,0.0,paypal
o_0427,c_961,2024-11-05,61.89,USD,completed,15.0,paypal
o_0428,c_066,2024-01-07,98.5,USD,completed,0.0,wire
o_0429,c_022,2024-01-03,157.51,GBP,refunded,0.0,credit_card
o_0430,c_071,2024-07-06,81.48,USD,completed,0.0,wire
o_0431,c_099,2024-05-04,127.05,CAD,completed,0.0,apple_pay
o_0432,c_040,2024-08-03,101.5,GBP,completed,0.0,paypal
o_0433,c_034,2024-03-22,73.15,GBP,completed,0.0,paypal
o_0434,c_004,2024-09-08,119.96,USD,completed,0.0,apple_pay
o_0435,c_038,2024-11-27,116.68,GBP,completed,0.0,apple_pay
o_0436,c_098,2024-11-20,123.54,USD,cancelled,20.0,apple_pay
o_0437,c_915,2024-10-26,147.43,USD,completed,0.0,credit_card
o_0438,c_038,2024-03-24,139.35,GBP,completed,0.0,apple_pay
o_0439,c_052,2024-07-01,407.32,EUR,completed,0.0,wire
o_0440,c_106,2024-01-12,131.5,USD,completed,0.0,wire
o_0441,c_007,2024-06-07,72.69,GBP,completed,0.0,apple_pay
o_0442,c_065,2024-06-26,251.1,EUR,completed,0.0,apple_pay
o_0443,c_035,2024-05-22,149.58,USD,refunded,0.0,credit_card
o_0444,c_075,2024-04-05,106.29,GBP,completed,0.0,apple_pay
o_0445,c_029,2024-08-23,190.95,USD,completed,15.0,credit_card
o_0446,c_007,2024-10-14,118.74,GBP,refunded,0.0,credit_card
o_0447,c_018,2024-09-17,413.83,EUR,cancelled,0.0,wire
o_0448,c_115,2024-02-12,104.25,AUD,completed,0.0,apple_pay
o_0449,c_083,2024-03-04,134.09,USD,completed,5.0,apple_pay
o_0450,c_082,2024-04-22,113.6,USD,completed,5.0,paypal
o_0451,c_026,2024-05-18,157.31,USD,completed,20.0,paypal
o_0452,c_091,2024-08-22,154.16,CAD,completed,10.0,wire
o_0453,c_112,2024-03-03,132.47,CAD,completed,0.0,wire
o_0454,c_035,2020-04-27,112.46,USD,completed,20.0,apple_pay
o_0455,c_010,2024-03-28,179.2,USD,cancelled,15.0,apple_pay
o_0456,c_083,2024-10-20,93.13,USD,completed,0.0,credit_card
o_0457,c_016,2024-01-18,48.63,USD,completed,5.0,apple_pay
o_0458,c_068,2024-08-25,73.37,USD,completed,0.0,wire
o_0459,c_076,2024-11-02,172.41,EUR,completed,0.0,credit_card
o_0460,c_063,2024-01-15,191.63,EUR,completed,0.0,paypal
o_0461,c_949,2024-04-27,113.39,USD,completed,0.0,apple_pay
o_0462,c_077,2024-01-05,130.13,GBP,completed,0.0,apple_pay
o_0463,c_077,2024-01-28,153.6,GBP,completed,0.0,wire
o_0464,c_048,2024-05-12,107.5,USD,completed,0.0,paypal
o_0465,c_054,2024-09-08,153.76,GBP,completed,10.0,paypal
o_0466,c_071,2024-09-26,110.45,USD,completed,10.0,paypal
o_0467,c_070,2024-11-28,115.41,GBP,completed,0.0,wire
o_0468,c_019,2024-08-22,127.53,GBP,completed,0.0,apple_pay
o_0469,c_091,2024-07-03,107.89,CAD,completed,0.0,paypal
o_0470,c_069,2020-11-29,166.11,USD,completed,20.0,credit_card
o_0471,c_087,2024-04-01,237.83,EUR,completed,15.0,apple_pay
o_0472,c_067,2024-09-26,101.77,GBP,refunded,0.0,paypal
o_0473,c_052,2024-09-24,406.98,EUR,completed,5.0,apple_pay
o_0474,c_030,2024-12-29,114.44,USD,completed,0.0,wire
o_0475,c_101,2024-03-20,141.15,GBP,completed,10.0,credit_card
o_0476,c_099,2024-08-17,54.58,CAD,completed,0.0,apple_pay
o_0477,c_058,2024-04-05,130.01,USD,refunded,0.0,apple_pay
o_0478,c_020,2024-01-15,113.8,USD,completed,0.0,paypal
o_0479,c_036,2024-09-03,33.69,GBP,completed,0.0,paypal
o_0480,c_037,2024-06-04,131.58,USD,completed,0.0,credit_card
o_0481,c_101,2024-08-12,118.28,GBP,completed,0.0,apple_pay
o_0482,c_048,2024-04-04,135.62,USD,completed,10.0,paypal
o_0483,c_103,2024-01-22,134.4,USD,completed,0.0,paypal
o_0484,c_082,2024-12-22,194.95,USD,completed,10.0,paypal
o_0485,c_091,2024-05-10,10.0,CAD,completed,0.0,credit_card
o_0486,c_058,2024-02-17,94.2,USD,cancelled,20.0,credit_card
o_0487,c_097,2024-08-13,96.97,USD,completed,15.0,wire
o_0488,c_009,2024-04-19,167.74,USD,completed,0.0,wire
o_0489,c_116,2024-02-03,178.96,USD,completed,0.0,paypal
o_0490,c_079,2024-03-24,144.15,GBP,completed,0.0,wire
o_0491,c_094,2024-07-30,173.12,EUR,completed,0.0,paypal
o_0492,c_054,2024-11-26,117.8,GBP,completed,20.0,wire
o_0493,c_059,2024-07-20,66.71,GBP,completed,0.0,apple_pay
o_0494,c_013,2024-12-05,132.75,USD,completed,0.0,credit_card
o_0495,c_039,2024-10-13,146.87,USD,completed,0.0,credit_card
o_0496,c_080,2024-06-07,237.27,EUR,completed,10.0,paypal
o_0497,c_092,2024-02-16,59.22,USD,completed,0.0,wire
o_0498,c_017,2024-12-08,74.58,USD,completed,0.0,apple_pay
o_0499,c_004,2024-02-15,162.53,USD,completed,0.0,credit_card
o_0500,c_015,2024-01-31,175.89,USD,completed,0.0,paypal
o_0501,c_923,2024-07-14,117.88,USD,completed,0.0,credit_card
o_0502,c_017,2024-02-09,153.06,USD,pending,10.0,apple_pay
o_0503,c_118,2024-12-25,161.66,GBP,completed,0.0,apple_pay
o_0504,c_092,2024-04-16,78.82,USD,completed,0.0,paypal
o_0505,c_071,2024-07-29,79.97,USD,pending,0.0,paypal
o_0506,c_110,2024-07-21,44.12,GBP,completed,0.0,apple_pay
o_0507,c_050,2024-10-09,127.04,GBP,pending,15.0,credit_card
o_0508,c_078,2024-03-10,138.25,USD,completed,0.0,paypal
o_0509,c_033,2024-12-20,111.96,GBP,completed,10.0,wire
o_0510,c_058,2024-01-01,115.83,USD,completed,5.0,apple_pay
o_0511,c_087,2024-05-24,402.81,EUR,completed,10.0,apple_pay
o_0512,c_093,2024-09-08,117.48,USD,completed,0.0,wire
o_0513,c_080,2024-12-16,269.57,EUR,completed,0.0,credit_card
o_0514,c_019,2024-07-03,70.16,GBP,completed,0.0,credit_card
o_0515,c_052,2024-06-21,511.35,EUR,cancelled,0.0,credit_card
o_0516,c_072,2024-01-16,122.29,USD,completed,5.0,wire
o_0517,c_020,2024-02-25,163.49,USD,cancelled,0.0,paypal
o_0518,c_115,2024-05-30,234.37,AUD,completed,0.0,paypal
o_0519,c_076,2024-06-17,298.56,EUR,completed,0.0,apple_pay
o_0520,c_074,2024-08-15,78.68,USD,completed,0.0,credit_card
o_0521,c_073,2024-07-09,156.53,CAD,completed,0.0,apple_pay
o_0522,c_035,2024-02-15,125.06,USD,pending,0.0,apple_pay
o_0523,c_054,2024-05-31,70.17,GBP,completed,0.0,credit_card
o_0524,c_035,2024-09-25,171.33,USD,pending,0.0,credit_card
o_0525,c_071,2024-04-17,85.8,USD,completed,0.0,paypal
o_0526,c_066,2024-03-24,117.05,USD,completed,5.0,paypal
o_0527,c_003,2024-12-14,154.95,GBP,completed,0.0,paypal
o_0528,c_042,2024-07-19,130.75,USD,refunded,0.0,paypal
o_0529,c_107,2024-03-22,413.9,EUR,completed,0.0,credit_card
o_0530,c_017,2024-01-04,136.19,USD,completed,0.0,paypal
o_0531,c_101,2024-05-31,120.18,GBP,completed,15.0,credit_card
o_0532,c_070,2024-06-23,100.73,GBP,completed,10.0,credit_card
o_0533,c_021,2024-12-27,111.62,GBP,completed,0.0,credit_card
o_0534,c_088,2024-01-26,430.19,EUR,completed,0.0,wire
o_0535,c_046,2024-02-01,124.23,USD,completed,0.0,wire
o_0536,c_103,2024-12-10,143.78,USD,refunded,0.0,credit_card
o_0537,c_069,2024-09-27,151.42,USD,cancelled,0.0,apple_pay
o_0538,c_053,2024-10-20,116.12,USD,completed,0.0,credit_card
o_0539,c_032,2024-02-18,72.97,USD,refunded,0.0,apple_pay
o_0540,c_068,2024-09-19,115.06,USD,refunded,0.0,paypal
o_0541,c_023,2024-11-26,95.05,GBP,completed,10.0,paypal
o_0542,c_066,2024-11-09,205.05,USD,cancelled,0.0,paypal
o_0543,c_046,2024-01-06,111.18,USD,pending,0.0,credit_card
o_0544,c_065,2024-08-22,239.3,EUR,completed,0.0,wire
o_0545,c_011,2024-03-03,365.64,EUR,completed,10.0,credit_card
o_0546,c_114,2024-09-16,50.55,USD,completed,0.0,apple_pay
o_0547,c_038,2024-10-06,61.19,GBP,completed,0.0,wire
o_0548,c_056,2024-05-02,84.97,GBP,completed,0.0,credit_card
o_0549,c_098,2024-11-30,100.04,USD,refunded,10.0,apple_pay
o_0550,c_020,2024-01-14,181.45,USD,completed,20.0,wire
o_0551,c_119,2024-05-29,146.52,USD,completed,0.0,wire
o_0552,c_102,2024-05-20,113.7,GBP,completed,0.0,wire
o_0553,c_078,2024-07-26,88.07,USD,completed,0.0,apple_pay
o_0554,c_054,2024-09-20,120.75,GBP,completed,10.0,wire
o_0555,c_083,2024-11-26,193.98,USD,completed,0.0,credit_card
o_0556,c_100,2024-03-21,92.3,USD,completed,0.0,wire
o_0557,c_043,2024-01-09,75.34,GBP,completed,0.0,paypal
o_0558,c_068,2024-08-22,140.17,USD,completed,0.0,credit_card
o_0559,c_064,2024-07-27,129.38,AUD,completed,10.0,apple_pay
o_0560,c_004,2024-02-21,54.27,USD,completed,0.0,wire
o_0561,c_049,2024-03-12,139.05,CAD,refunded,0.0,credit_card
o_0562,c_026,2024-01-08,10.0,USD,completed,0.0,apple_pay
o_0563,c_105,2024-04-06,169.2,CAD,completed,0.0,apple_pay
o_0564,c_081,2024-04-12,161.13,CAD,completed,5.0,wire
o_0565,c_055,2024-02-29,70.98,GBP,completed,20.0,paypal
o_0566,c_095,2024-05-12,377.2,EUR,completed,0.0,credit_card
o_0567,c_035,2024-04-13,96.97,USD,cancelled,20.0,apple_pay
o_0568,c_077,2020-11-15,119.87,GBP,completed,0.0,credit_card
o_0569,c_060,2024-09-04,107.94,GBP,pending,0.0,paypal
o_0570,c_038,2024-07-15,40.15,GBP,completed,5.0,wire
o_0571,c_019,2024-09-05,57.74,GBP,pending,0.0,paypal
o_0572,c_048,2024-05-18,122.71,USD,completed,0.0,paypal
o_0573,c_102,2024-04-15,42.0,GBP,pending,0.0,wire
o_0574,c_111,2024-08-22,142.12,USD,completed,15.0,wire
o_0575,c_069,2024-05-08,128.28,USD,completed,0.0,apple_pay
o_0576,c_049,2024-06-19,180.36,CAD,completed,15.0,apple_pay
o_0577,c_017,2024-07-26,131.58,USD,completed,10.0,credit_card
o_0578,c_030,2024-08-29,214.95,USD,completed,0.0,credit_card
o_0579,c_982,2024-07-26,80.01,USD,completed,0.0,wire
o_0580,c_005,2024-04-10,67.19,AUD,completed,10.0,apple_pay
o_0581,c_010,2024-10-04,153.29,USD,completed,0.0,credit_card
o_0582,c_090,2024-06-27,101.6,GBP,completed,0.0,credit_card
o_0583,c_009,2024-08-28,94.58,USD,completed,10.0,credit_card
o_0584,c_036,2024-08-04,98.7,GBP,completed,10.0,apple_pay
o_0585,c_102,2024-06-23,83.3,GBP,completed,0.0,credit_card
o_0586,c_069,2024-01-21,50.74,USD,completed,0.0,credit_card
o_0587,c_008,2024-11-28,131.34,GBP,pending,0.0,wire
o_0588,c_029,2024-10-26,151.48,USD,completed,0.0,credit_card
o_0589,c_087,2024-09-20,462.48,EUR,completed,0.0,credit_card
o_0590,c_104,2024-06-27,107.15,USD,completed,0.0,apple_pay
o_0591,c_080,2024-08-23,414.24,EUR,completed,20.0,wire
o_0592,c_103,2024-07-18,166.48,USD,completed,0.0,credit_card
o_0593,c_008,2024-07-15,115.45,GBP,cancelled,0.0,paypal
o_0594,c_916,2024-06-19,182.48,USD,cancelled,5.0,paypal
o_0595,c_034,2024-04-08,115.22,GBP,completed,5.0,credit_card
o_0596,c_009,2024-02-16,119.78,USD,completed,0.0,credit_card
o_0597,c_023,2024-03-08,73.79,GBP,completed,0.0,wire
o_0598,c_006,2024-10-06,163.01,USD,completed,10.0,apple_pay
o_0599,c_060,2024-05-18,65.88,GBP,completed,15.0,paypal
o_0600,c_119,2024-08-26,97.47,USD,completed,0.0,paypal
o_0601,c_118,2024-03-30,85.63,GBP,completed,0.0,wire
o_0602,c_045,2024-08-16,197.13,AUD,completed,0.0,wire
o_0603,c_071,2024-10-11,147.12,USD,completed,0.0,wire
o_0604,c_095,2024-08-27,293.69,EUR,completed,0.0,paypal
o_0605,c_111,2024-02-26,98.51,USD,completed,10.0,wire
o_0606,c_029,2024-02-25,131.09,USD,completed,10.0,apple_pay
o_0607,c_037,2024-05-06,172.82,USD,completed,20.0,credit_card
o_0608,c_033,2024-07-22,100.05,GBP,completed,10.0,apple_pay
o_0609,c_007,2024-01-20,117.43,GBP,completed,0.0,credit_card
o_0610,c_055,2024-01-11,106.94,GBP,completed,0.0,apple_pay
o_0611,c_103,2024-02-19,104.34,USD,pending,0.0,apple_pay
o_0612,c_046,2024-05-04,101.63,USD,cancelled,20.0,credit_card
o_0613,c_920,2024-12-20,186.22,USD,completed,0.0,credit_card
o_0614,c_109,2020-05-23,135.9,GBP,completed,0.0,credit_card
o_0615,c_112,2024-01-22,172.41,CAD,cancelled,0.0,apple_pay
o_0616,c_034,2024-10-11,133.41,GBP,completed,10.0,credit_card
o_0617,c_074,2024-08-03,138.71,USD,completed,0.0,wire
o_0618,c_011,2024-10-05,315.94,EUR,completed,0.0,credit_card
o_0619,c_065,2024-02-08,367.49,EUR,completed,10.0,credit_card
o_0620,c_095,2024-01-26,212.71,EUR,cancelled,5.0,credit_card
o_0621,c_093,2024-07-15,130.19,USD,completed,5.0,wire
o_0622,c_032,2024-03-22,143.53,USD,pending,0.0,wire
o_0623,c_109,2024-01-08,67.1,GBP,completed,0.0,wire
o_0624,c_089,2024-01-31,162.56,AUD,pending,0.0,wire
o_0625,c_068,2024-05-14,139.12,USD,completed,10.0,paypal
o_0626,c_065,2024-09-25,390.2,EUR,completed,0.0,credit_card
o_0627,c_117,2024-02-24,216.52,USD,completed,0.0,paypal
o_0628,c_983,2024-08-15,125.15,USD,completed,20.0,wire
o_0629,c_115,2024-08-01,122.37,AUD,completed,5.0,paypal
o_0630,c_022,2024-01-02,103.08,GBP,completed,0.0,wire
o_0631,c_038,2024-09-07,118.36,GBP,completed,0.0,paypal
o_0632,c_034,2024-11-19,87.52,GBP,completed,0.0,wire
o_0633,c_083,2024-10-29,62.66,USD,completed,0.0,wire
o_0634,c_080,2024-09-27,361.26,EUR,refunded,0.0,credit_card
o_0635,c_118,2024-03-08,99.09,GBP,cancelled,0.0,wire
o_0636,c_048,2024-06-23,137.16,USD,completed,0.0,apple_pay
o_0637,c_010,2024-02-07,114.35,USD,completed,0.0,credit_card
o_0638,c_105,2024-08-04,158.47,CAD,completed,0.0,paypal
o_0639,c_119,2024-08-02,93.01,USD,completed,0.0,paypal
o_0640,c_109,2024-01-01,104.86,GBP,completed,0.0,apple_pay
o_0641,c_007,2024-02-16,53.35,GBP,completed,0.0,paypal
o_0642,c_025,2024-12-07,120.71,USD,completed,0.0,paypal
o_0643,c_082,2024-12-22,134.92,USD,cancelled,0.0,apple_pay
o_0644,c_043,2024-04-27,72.89,GBP,completed,0.0,apple_pay
o_0645,c_018,2024-01-06,247.16,EUR,completed,0.0,wire
o_0646,c_061,2024-10-03,104.02,USD,completed,15.0,apple_pay
o_0647,c_076,2024-05-07,367.83,EUR,completed,0.0,paypal
o_0648,c_002,2024-06-14,477.92,EUR,pending,20.0,wire
o_0649,c_037,2020-12-28,169.33,USD,completed,0.0,paypal
o_0650,c_109,2024-11-13,49.16,GBP,completed,5.0,wire
o_0651,c_103,2024-05-02,156.84,USD,completed,15.0,apple_pay
o_0652,c_019,2024-03-09,123.27,GBP,completed,15.0,wire
o_0653,c_050,2024-12-05,105.8,GBP,completed,10.0,paypal
o_0654,c_079,2024-07-23,74.49,GBP,completed,0.0,apple_pay
o_0655,c_055,2024-01-29,66.16,GBP,completed,0.0,apple_pay
o_0656,c_055,2024-11-22,108.1,GBP,completed,20.0,wire
o_0657,c_073,2024-10-18,138.95,CAD,completed,0.0,paypal
o_0658,c_081,2024-05-20,114.24,CAD,completed,0.0,paypal
o_0659,c_043,2024-12-30,87.08,GBP,completed,0.0,wire
o_0660,c_117,2024-05-28,191.81,USD,completed,0.0,paypal
o_0661,c_063,2024-02-09,288.75,EUR,completed,20.0,wire
o_0662,c_100,2024-05-22,189.17,USD,completed,15.0,credit_card
o_0663,c_009,2024-11-20,80.37,USD,completed,0.0,credit_card
o_0664,c_068,2024-02-15,79.2,USD,completed,20.0,wire
o_0665,c_040,2024-09-04,110.22,GBP,completed,0.0,wire
o_0666,c_085,2024-03-28,123.87,USD,cancelled,5.0,credit_card
o_0667,c_084,2024-12-26,93.55,GBP,completed,0.0,apple_pay
o_0668,c_108,2024-08-27,187.65,EUR,cancelled,0.0,apple_pay
o_0669,c_048,2024-07-04,39.64,USD,completed,0.0,apple_pay
o_0670,c_094,2024-04-12,528.79,EUR,completed,0.0,paypal
o_0671,c_068,2024-09-19,97.32,USD,pending,0.0,wire
o_0672,c_010,2024-04-28,103.52,USD,completed,0.0,wire
o_0673,c_051,2024-05-17,107.47,USD,completed,0.0,apple_pay
o_0674,c_004,2024-12-03,131.41,USD,completed,0.0,paypal
o_0675,c_083,2024-04-08,153.69,USD,pending,0.0,paypal
o_0676,c_025,2024-03-29,177.45,USD,cancelled,5.0,paypal
o_0677,c_088,2024-06-21,410.85,EUR,completed,0.0,apple_pay
o_0678,c_057,2024-01-13,125.01,EUR,completed,10.0,wire
o_0679,c_023,2024-08-13,120.11,GBP,completed,0.0,wire
o_0680,c_060,2024-05-28,73.43,GBP,refunded,0.0,credit_card
o_0681,c_022,2024-01-02,71.47,GBP,completed,0.0,wire
o_0682,c_100,2020-08-05,136.92,USD,completed,0.0,credit_card
o_0683,c_075,2024-11-04,69.64,GBP,completed,10.0,paypal
o_0684,c_077,2024-12-11,74.07,GBP,pending,0.0,apple_pay
o_0685,c_031,2024-09-02,439.01,EUR,completed,0.0,apple_pay
o_0686,c_045,2024-02-08,216.92,AUD,pending,0.0,apple_pay
o_0687,c_032,2024-01-09,108.73,USD,completed,0.0,paypal
o_0688,c_079,2024-02-11,146.18,GBP,completed,0.0,paypal
o_0689,c_007,2024-10-04,84.76,GBP,completed,0.0,paypal
o_0690,c_041,2024-06-25,105.83,GBP,refunded,0.0,paypal
o_0691,c_044,2024-03-18,484.08,EUR,completed,10.0,wire
o_0692,c_018,2024-10-23,88.46,EUR,completed,10.0,paypal
o_0693,c_031,2024-06-22,479.61,EUR,completed,0.0,apple_pay
o_0694,c_017,2024-07-21,117.09,USD,refunded,0.0,wire
o_0695,c_106,2024-11-10,70.39,USD,completed,20.0,paypal
o_0696,c_037,2024-09-12,132.61,USD,completed,5.0,wire
o_0697,c_089,2024-01-01,142.64,AUD,completed,0.0,apple_pay
o_0698,c_040,2024-03-12,68.66,GBP,refunded,0.0,paypal
o_0699,c_092,2024-09-09,77.78,USD,completed,0.0,credit_card
o_0700,c_039,2024-08-12,92.49,USD,completed,5.0,credit_card
o_0701,c_011,2024-11-26,253.26,EUR,completed,0.0,wire
o_0702,c_112,2024-03-09,135.33,CAD,refunded,10.0,credit_card
o_0703,c_009,2024-04-07,55.25,USD,completed,5.0,apple_pay
o_0704,c_042,2024-11-14,108.48,USD,completed,20.0,apple_pay
o_0705,c_052,2024-10-15,279.69,EUR,completed,20.0,wire
o_0706,c_030,2024-11-22,147.75,USD,completed,0.0,apple_pay
o_0707,c_085,2024-02-10,101.28,USD,completed,0.0,paypal
o_0708,c_028,2024-08-15,399.41,EUR,completed,0.0,apple_pay
o_0709,c_976,2024-06-06,112.05,USD,refunded,5.0,paypal
o_0710,c_074,2024-06-05,105.31,USD,completed,0.0,apple_pay
o_0711,c_090,2024-08-08,78.31,GBP,completed,15.0,credit_card
o_0712,c_085,2024-05-28,139.12,USD,completed,0.0,credit_card
o_0713,c_001,2024-02-12,142.37,USD,completed,0.0,credit_card
o_0714,c_055,2024-12-30,56.55,GBP,completed,0.0,apple_pay
o_0715,c_017,2024-10-27,145.57,USD,completed,10.0,apple_pay
o_0716,c_084,2024-11-19,83.16,GBP,completed,0.0,wire
o_0717,c_097,2024-09-01,127.53,USD,completed,5.0,credit_card
o_0718,c_012,2024-06-18,116.69,USD,completed,0.0,credit_card
o_0719,c_027,2024-05-10,499.8,EUR,completed,0.0,wire
o_0720,c_115,2024-07-16,117.43,AUD,completed,5.0,wire
o_0721,c_007,2024-01-12,121.89,GBP,completed,0.0,credit_card
o_0722,c_060,2024-10-05,88.31,GBP,completed,20.0,credit_card
o_0723,c_098,2024-09-16,118.2,USD,completed,0.0,credit_card
o_0724,c_003,2024-05-29,34.13,GBP,completed,0.0,apple_pay
o_0725,c_115,2024-05-29,105.8,AUD,completed,20.0,paypal
o_0726,c_102,2024-04-03,103.1,GBP,refunded,0.0,paypal
o_0727,c_066,2024-12-30,145.74,USD,completed,0.0,credit_card
o_0728,c_031,2024-03-12,535.25,EUR,completed,15.0,apple_pay
o_0729,c_033,2024-05-07,109.31,GBP,refunded,0.0,paypal
o_0730,c_037,2024-07-13,88.31,USD,pending,0.0,wire
o_0731,c_093,2024-04-08,102.95,USD,refunded,0.0,paypal
o_0732,c_941,2024-01-21,124.97,USD,completed,5.0,paypal
o_0733,c_036,2024-08-14,102.85,GBP,completed,10.0,apple_pay
o_0734,c_026,2024-12-16,89.47,USD,refunded,0.0,paypal
o_0735,c_101,2024-10-11,136.86,GBP,completed,0.0,wire
o_0736,c_037,2024-03-08,96.2,USD,completed,0.0,credit_card
o_0737,c_045,2024-09-23,252.32,AUD,cancelled,0.0,apple_pay
o_0738,c_066,2024-10-26,139.58,USD,refunded,0.0,paypal
o_0739,c_101,2024-06-13,81.42,GBP,completed,0.0,paypal
o_0740,c_009,2024-08-14,141.2,USD,completed,0.0,credit_card
o_0741,c_008,2024-03-15,113.7,GBP,refunded,0.0,wire
o_0742,c_033,2024-06-04,108.86,GBP,completed,0.0,apple_pay
o_0743,c_048,2024-12-27,152.65,USD,completed,0.0,paypal
o_0744,c_097,2024-03-09,86.5,USD,refunded,0.0,apple_pay
o_0745,c_037,2024-05-08,149.23,USD,completed,0.0,paypal
o_0746,c_078,2024-01-21,141.01,USD,completed,0.0,paypal
o_0747,c_005,2024-12-07,126.18,AUD,completed,5.0,paypal
o_0748,c_018,2024-11-23,429.81,EUR,completed,20.0,paypal
o_0749,c_118,2024-09-21,136.92,GBP,completed,10.0,paypal
o_0750,c_105,2024-02-04,71.17,CAD,completed,0.0,paypal
o_0751,c_100,2024-05-30,118.49,USD,completed,0.0,paypal
o_0752,c_086,2024-09-24,526.07,EUR,completed,0.0,wire
o_0753,c_015,2024-12-05,199.63,USD,completed,20.0,apple_pay
o_0754,c_072,2024-02-03,188.88,USD,cancelled,0.0,credit_card
o_0755,c_023,2024-01-02,23.34,GBP,completed,15.0,credit_card
o_0756,c_112,2024-08-07,118.96,CAD,pending,0.0,apple_pay
o_0757,c_082,2024-03-24,124.18,USD,completed,0.0,wire
o_0758,c_054,2024-12-03,113.13,GBP,cancelled,0.0,apple_pay
o_0759,c_028,2024-09-12,477.45,EUR,completed,0.0,wire
o_0760,c_065,2024-05-14,152.81,EUR,completed,10.0,apple_pay
o_0761,c_115,2024-08-09,169.51,AUD,completed,5.0,wire
o_0762,c_014,2024-11-19,90.19,GBP,pending,5.0,apple_pay
o_0763,c_078,2024-02-10,151.87,USD,completed,0.0,wire
o_0764,c_115,2024-06-16,133.27,AUD,completed,0.0,credit_card
o_0765,c_086,2024-01-21,295.75,EUR,cancelled,0.0,credit_card
o_0766,c_069,2024-07-13,46.58,USD,completed,0.0,credit_card
o_0767,c_075,2024-11-03,94.73,GBP,refunded,0.0,wire
o_0768,c_025,2024-09-26,95.81,USD,completed,10.0,apple_pay
o_0769,c_068,2024-11-08,134.59,USD,completed,5.0,apple_pay
o_0770,c_020,2024-02-01,175.24,USD,completed,0.0,paypal
o_0771,c_043,2024-12-13,65.39,GBP,completed,0.0,wire
o_0772,c_054,2024-06-22,120.24,GBP,completed,10.0,apple_pay
o_0773,c_043,2024-07-29,132.73,GBP,completed,15.0,paypal
o_0774,c_109,2024-06-23,115.39,GBP,completed,0.0,credit_card
o_0775,c_033,2024-09-18,117.71,GBP,completed,0.0,paypal
o_0776,c_065,2024-12-02,362.85,EUR,completed,0.0,wire
o_0777,c_013,2024-04-04,129.44,USD,completed,5.0,paypal
o_0778,c_043,2024-07-12,87.88,GBP,completed,0.0,wire
o_0779,c_058,2024-06-26,159.61,USD,completed,0.0,apple_pay
o_0780,c_011,2024-02-25,354.19,EUR,completed,10.0,paypal
o_0781,c_055,2024-08-16,77.43,GBP,completed,5.0,credit_card
o_0782,c_045,2024-06-25,149.22,AUD,completed,0.0,credit_card
o_0783,c_104,2024-04-19,158.27,USD,refunded,0.0,paypal
o_0784,c_064,2024-02-09,119.14,AUD,cancelled,0.0,wire
o_0785,c_017,2024-04-09,145.44,USD,completed,0.0,paypal
o_0786,c_103,2024-06-02,138.37,USD,completed,0.0,paypal
o_0787,c_028,2024-07-28,13.94,EUR,completed,0.0,apple_pay
o_0788,c_106,2024-10-08,142.98,USD,completed,0.0,paypal
o_0789,c_107,2020-03-29,377.64,EUR,refunded,20.0,apple_pay
o_0790,c_081,2024-12-12,101.56,CAD,refunded,0.0,apple_pay
o_0791,c_074,2024-02-09,128.67,USD,completed,0.0,wire
o_0792,c_095,2024-12-29,276.9,EUR,completed,15.0,apple_pay
o_0793,c_107,2024-11-21,369.01,EUR,cancelled,0.0,paypal
o_0794,c_056,2024-05-28,65.76,GBP,completed,0.0,paypal
o_0795,c_088,2024-04-27,516.51,EUR,completed,0.0,apple_pay
o_0796,c_025,2024-02-28,20429.73,USD,completed,0.0,wire
o_0797,c_087,2024-10-10,376.49,EUR,completed,10.0,credit_card
o_0798,c_113,2024-07-20,47.82,USD,completed,10.0,apple_pay
o_0799,c_019,2024-02-22,54.85,GBP,completed,0.0,paypal
