item_id,order_id,product_category,quantity,item_total_local
i_00000,o_0000,Apparel,2,53.25
i_00001,o_0000,Beauty,2,26.37
i_00002,o_0001,Apparel,2,55.64
i_00003,o_0001,Home Goods,2,23.84
i_00004,o_0001,Beauty,1,54.83
i_00005,o_0001,Apparel,2,49.19
i_00006,o_0002,Electronics,2,21.21
i_00007,o_0002,Beauty,1,45.97
i_00008,o_0002,Home Goods,1,16.43
i_00009,o_0002,Books,1,32.48
i_00010,o_0002,Apparel,1,20.6
i_00011,o_0003,Books,1,25.22
i_00012,o_0003,Apparel,3,14.43
i_00013,o_0003,Home Goods,1,38.06
i_00014,o_0003,Home Goods,2,30.83
i_00015,o_0004,Beauty,3,85.44
i_00016,o_0004,Electronics,3,68.6
i_00017,o_0004,Electronics,2,93.07
i_00018,o_0005,Books,2,54.04
i_00019,o_0005,Electronics,2,54.78
i_00020,o_0005,Apparel,2,22.89
i_00021,o_0006,Apparel,1,40.44
i_00022,o_0006,Home Goods,2,35.18
i_00023,o_0007,Apparel,3,40.82
i_00024,o_0007,Electronics,1,43.52
i_00025,o_0008,Books,2,59.99
i_00026,o_0008,Beauty,1,47.78
i_00027,o_0008,Home Goods,3,56.49
i_00028,o_0009,Electronics,1,85.13
i_00029,o_0009,Beauty,3,79.73
i_00030,o_0009,Apparel,1,51.14
i_00031,o_0009,Books,2,63.45
i_00032,o_0009,Electronics,2,82.55
i_00033,o_0010,Beauty,2,54.01
i_00034,o_0010,Electronics,3,29.72
i_00035,o_0010,Beauty,3,56.45
i_00036,o_0010,Beauty,2,55.73
i_00037,o_0010,Beauty,1,56.56
i_00038,o_0011,Beauty,1,115.56
i_00039,o_0011,Electronics,3,99.03
i_00040,o_0011,Beauty,1,142.27
i_00041,o_0012,Electronics,1,33.2
i_00042,o_0012,Home Goods,3,90.12
i_00043,o_0012,Beauty,3,78.22
i_00044,o_0013,Beauty,2,10.68
i_00045,o_0013,Home Goods,2,11.69
i_00046,o_0013,Electronics,1,21.36
i_00047,o_0013,Home Goods,1,24.08
i_00048,o_0013,Books,3,12.18
i_00049,o_0014,Electronics,2,125.11
i_00050,o_0015,Home Goods,2,47.12
i_00051,o_0015,Home Goods,2,21.44
i_00052,o_0015,Home Goods,1,18.62
i_00053,o_0016,Electronics,1,31.98
i_00054,o_0016,Beauty,3,16.49
i_00055,o_0017,Beauty,3,33.25
i_00056,o_0017,Home Goods,1,16.66
i_00057,o_0017,Books,2,27.45
i_00058,o_0017,Apparel,2,23.23
i_00059,o_0018,Electronics,3,64.03
i_00060,o_0018,Home Goods,1,37.92
i_00061,o_0018,Beauty,1,35.37
i_00062,o_0019,Electronics,3,18.84
i_00063,o_0019,Home Goods,3,19.64
i_00064,o_0019,Electronics,3,18.41
i_00065,o_0019,Beauty,3,16.32
i_00066,o_0020,Books,3,19.2
i_00067,o_0020,Beauty,1,16.13
i_00068,o_0020,Electronics,1,23.83
i_00069,o_0020,Beauty,2,12.78
i_00070,o_0020,Electronics,2,15.14
i_00071,o_0021,Home Goods,2,36.19
i_00072,o_0021,Beauty,2,66.51
i_00073,o_0021,Apparel,2,40.43
i_00074,o_0022,Electronics,1,82.99
i_00075,o_0023,Books,3,18.22
i_00076,o_0023,Apparel,2,23.19
i_00077,o_0023,Electronics,3,16.98
i_00078,o_0023,Beauty,1,23.21
i_00079,o_0023,Books,2,15.9
i_00080,o_0024,Beauty,1,187.44
i_00081,o_0025,Apparel,2,49.31
i_00082,o_0025,Beauty,2,45.28
i_00083,o_0026,Electronics,2,22.51
i_00084,o_0026,Electronics,1,25.66
i_00085,o_0026,Books,1,20.51
i_00086,o_0026,Home Goods,1,24.85
i_00087,o_0027,Books,3,115.32
i_00088,o_0028,Apparel,2,14.31
i_00089,o_0028,Electronics,2,13.59
i_00090,o_0028,Electronics,1,15.83
i_00091,o_0028,Apparel,1,16.53
i_00092,o_0028,Apparel,3,14.94
i_00093,o_0029,Books,1,14.86
i_00094,o_0029,Home Goods,2,18.32
i_00095,o_0029,Books,2,12.37
i_00096,o_0029,Apparel,3,17.56
i_00097,o_0029,Apparel,2,12.0
i_00098,o_0030,Home Goods,2,20.84
i_00099,o_0030,Beauty,1,27.0
i_00100,o_0030,Apparel,1,47.4
i_00101,o_0031,Beauty,3,101.8
i_00102,o_0032,Books,2,27.94
i_00103,o_0032,Home Goods,3,35.42
i_00104,o_0032,Books,2,32.86
i_00105,o_0032,Electronics,3,52.43
i_00106,o_0033,Home Goods,3,97.78
i_00107,o_0034,Books,3,35.28
i_00108,o_0034,Beauty,2,45.05
i_00109,o_0034,Apparel,1,30.95
i_00110,o_0035,Apparel,2,34.8
i_00111,o_0035,Electronics,2,90.09
i_00112,o_0036,Electronics,3,67.36
i_00113,o_0036,Apparel,3,111.71
i_00114,o_0037,Apparel,1,118.69
i_00115,o_0038,Apparel,3,188.63
i_00116,o_0038,Beauty,3,81.96
i_00117,o_0039,Books,3,18.99
i_00118,o_0039,Books,1,12.51
i_00119,o_0039,Home Goods,2,11.87
i_00120,o_0039,Beauty,3,13.14
i_00121,o_0039,Beauty,2,10.16
i_00122,o_0040,Books,2,191.71
i_00123,o_0041,Electronics,3,46.54
i_00124,o_0041,Books,3,48.42
i_00125,o_0042,Books,3,101.9
i_00126,o_0042,Electronics,3,83.89
i_00127,o_0042,Apparel,1,113.31
i_00128,o_0043,Beauty,1,45.05
i_00129,o_0043,Home Goods,3,51.39
i_00130,o_0044,Apparel,3,40.45
i_00131,o_0044,Electronics,2,46.49
i_00132,o_0045,Beauty,2,123.78
i_00133,o_0046,Home Goods,3,46.27
i_00134,o_0046,Electronics,3,38.73
i_00135,o_0046,Books,1,28.29
i_00136,o_0047,Beauty,1,40.04
i_00137,o_0047,Books,3,99.04
i_00138,o_0048,Beauty,2,67.06
i_00139,o_0049,Electronics,2,69.8
i_00140,o_0049,Home Goods,2,69.25
i_00141,o_0050,Home Goods,2,18.38
i_00142,o_0050,Books,3,27.83
i_00143,o_0050,Beauty,3,39.91
i_00144,o_0050,Home Goods,2,24.86
i_00145,o_0051,Home Goods,1,88.98
i_00146,o_0052,Home Goods,2,25.5
i_00147,o_0052,Beauty,3,41.86
i_00148,o_0052,Home Goods,3,29.95
i_00149,o_0052,Home Goods,2,25.28
i_00150,o_0052,Apparel,2,34.35
i_00151,o_0053,Electronics,2,110.12
i_00152,o_0054,Home Goods,1,67.2
i_00153,o_0055,Books,3,82.95
i_00154,o_0056,Apparel,3,72.16
i_00155,o_0056,Books,1,75.49
i_00156,o_0056,Apparel,3,38.91
i_00157,o_0057,Electronics,1,9.87
i_00158,o_0057,Beauty,2,11.68
i_00159,o_0057,Apparel,3,12.76
i_00160,o_0057,Apparel,1,12.78
i_00161,o_0057,Electronics,3,7.61
i_00162,o_0058,Electronics,1,33.42
i_00163,o_0058,Apparel,2,63.49
i_00164,o_0059,Electronics,1,162.84
i_00165,o_0060,Electronics,3,48.52
i_00166,o_0060,Apparel,3,68.43
i_00167,o_0061,Apparel,3,106.03
i_00168,o_0061,Electronics,2,81.55
i_00169,o_0061,Electronics,2,103.11
i_00170,o_0061,Beauty,1,38.7
i_00171,o_0062,Electronics,2,162.53
i_00172,o_0063,Beauty,1,66.02
i_00173,o_0063,Electronics,1,76.25
i_00174,o_0064,Apparel,3,20.84
i_00175,o_0064,Apparel,1,29.34
i_00176,o_0064,Apparel,1,35.75
i_00177,o_0064,Books,1,27.22
i_00178,o_0064,Electronics,1,43.62
i_00179,o_0065,Beauty,1,174.82
i_00180,o_0066,Apparel,3,128.76
i_00181,o_0067,Beauty,1,80.93
i_00182,o_0067,Books,2,37.38
i_00183,o_0067,Home Goods,1,57.96
i_00184,o_0067,Books,3,35.24
i_00185,o_0068,Beauty,1,74.99
i_00186,o_0069,Beauty,3,29.84
i_00187,o_0069,Books,1,56.13
i_00188,o_0069,Apparel,1,27.59
i_00189,o_0069,Apparel,2,50.62
i_00190,o_0070,Electronics,1,42.09
i_00191,o_0070,Apparel,1,59.88
i_00192,o_0071,Apparel,1,115.16
i_00193,o_0072,Home Goods,1,64.13
i_00194,o_0073,Beauty,1,162.1
i_00195,o_0073,Beauty,1,116.39
i_00196,o_0074,Electronics,2,25.96
i_00197,o_0074,Books,1,19.72
i_00198,o_0074,Home Goods,2,28.21
i_00199,o_0074,Electronics,2,15.52
i_00200,o_0075,Electronics,3,21.99
i_00201,o_0075,Apparel,3,40.0
i_00202,o_0075,Beauty,2,23.02
i_00203,o_0075,Books,2,18.14
i_00204,o_0076,Books,2,37.18
i_00205,o_0076,Beauty,3,32.18
i_00206,o_0076,Apparel,2,36.36
i_00207,o_0077,Apparel,3,33.07
i_00208,o_0077,Beauty,3,36.99
i_00209,o_0077,Books,2,61.87
i_00210,o_0078,Books,2,103.31
i_00211,o_0078,Home Goods,2,124.58
i_00212,o_0078,Beauty,1,109.67
i_00213,o_0078,Home Goods,1,67.32
i_00214,o_0079,Apparel,2,25.26
i_00215,o_0079,Beauty,1,26.9
i_00216,o_0079,Electronics,1,53.11
i_00217,o_0079,Beauty,1,31.62
i_00218,o_0080,Beauty,2,76.63
i_00219,o_0080,Apparel,3,55.88
i_00220,o_0080,Books,1,61.8
i_00221,o_0080,Electronics,1,46.89
i_00222,o_0081,Beauty,3,9.55
i_00223,o_0081,Apparel,1,19.12
i_00224,o_0081,Apparel,1,10.96
i_00225,o_0082,Home Goods,2,52.17
i_00226,o_0082,Books,3,54.09
i_00227,o_0082,Beauty,1,28.39
i_00228,o_0083,Electronics,2,42.33
i_00229,o_0083,Electronics,1,55.74
i_00230,o_0083,Beauty,3,36.12
i_00231,o_0084,Electronics,2,14.7
i_00232,o_0084,Home Goods,1,15.08
i_00233,o_0084,Beauty,3,18.3
i_00234,o_0084,Electronics,3,14.6
i_00235,o_0084,Beauty,1,16.44
i_00236,o_0085,Books,2,47.24
i_00237,o_0085,Books,1,27.64
i_00238,o_0085,Beauty,1,45.5
i_00239,o_0085,Beauty,1,20.54
i_00240,o_0086,Books,2,73.16
i_00241,o_0086,Electronics,2,59.58
i_00242,o_0086,Apparel,2,72.96
i_00243,o_0086,Apparel,2,50.9
i_00244,o_0086,Apparel,1,65.25
i_00245,o_0087,Apparel,3,25.76
i_00246,o_0087,Beauty,1,16.96
i_00247,o_0087,Apparel,1,38.47
i_00248,o_0087,Beauty,3,15.64
i_00249,o_0088,Home Goods,2,59.11
i_00250,o_0088,Home Goods,2,57.0
i_00251,o_0088,Books,3,49.96
i_00252,o_0088,Books,3,27.11
i_00253,o_0089,Apparel,3,22.67
i_00254,o_0089,Home Goods,1,16.22
i_00255,o_0089,Beauty,1,22.8
i_00256,o_0089,Apparel,3,21.55
i_00257,o_0090,Books,2,45.74
i_00258,o_0090,Apparel,3,30.04
i_00259,o_0090,Apparel,1,35.44
i_00260,o_0090,Beauty,1,21.88
i_00261,o_0091,Home Goods,3,178.05
i_00262,o_0092,Electronics,3,88.72
i_00263,o_0092,Books,2,70.92
i_00264,o_0093,Books,2,34.79
i_00265,o_0093,Beauty,1,29.3
i_00266,o_0093,Electronics,2,37.64
i_00267,o_0093,Home Goods,3,47.29
i_00268,o_0094,Apparel,2,5.32
i_00269,o_0094,Beauty,1,12.07
i_00270,o_0094,Electronics,3,7.05
i_00271,o_0094,Books,1,12.49
i_00272,o_0095,Books,1,52.62
i_00273,o_0095,Home Goods,3,43.26
i_00274,o_0095,Home Goods,2,31.01
i_00275,o_0096,Apparel,3,98.99
i_00276,o_0096,Electronics,1,78.6
i_00277,o_0096,Apparel,2,109.83
i_00278,o_0096,Apparel,2,110.99
i_00279,o_0097,Beauty,1,80.76
i_00280,o_0098,Electronics,1,24.34
i_00281,o_0098,Books,2,41.57
i_00282,o_0098,Electronics,2,45.63
i_00283,o_0098,Electronics,1,22.19
i_00284,o_0098,Electronics,2,17.98
i_00285,o_0099,Books,3,69.99
i_00286,o_0100,Apparel,3,32.24
i_00287,o_0100,Apparel,3,25.7
i_00288,o_0100,Home Goods,3,31.12
i_00289,o_0100,Home Goods,2,21.34
i_00290,o_0101,Apparel,1,33.83
i_00291,o_0101,Electronics,3,25.92
i_00292,o_0102,Apparel,3,25.03
i_00293,o_0102,Books,2,63.67
i_00294,o_0102,Beauty,1,53.03
i_00295,o_0103,Apparel,2,38.48
i_00296,o_0103,Electronics,1,17.66
i_00297,o_0103,Home Goods,3,34.03
i_00298,o_0103,Electronics,1,20.61
i_00299,o_0103,Beauty,1,24.23
i_00300,o_0104,Apparel,1,111.37
i_00301,o_0105,Beauty,1,79.56
i_00302,o_0105,Beauty,3,79.71
i_00303,o_0105,Electronics,1,71.02
i_00304,o_0106,Books,1,40.85
i_00305,o_0106,Electronics,1,16.76
i_00306,o_0106,Books,2,19.77
i_00307,o_0106,Apparel,1,32.73
i_00308,o_0107,Books,3,15.08
i_00309,o_0107,Beauty,2,17.28
i_00310,o_0107,Apparel,3,14.77
i_00311,o_0107,Books,1,13.83
i_00312,o_0107,Beauty,3,15.04
i_00313,o_0108,Apparel,3,7.37
i_00314,o_0108,Electronics,3,6.31
i_00315,o_0108,Books,1,11.07
i_00316,o_0108,Books,3,12.45
i_00317,o_0109,Books,3,98.52
i_00318,o_0109,Books,3,83.72
i_00319,o_0109,Books,3,61.58
i_00320,o_0110,Apparel,1,83.99
i_00321,o_0110,Books,3,57.24
i_00322,o_0111,Apparel,1,110.21
i_00323,o_0111,Beauty,3,86.75
i_00324,o_0112,Books,3,48.03
i_00325,o_0112,Books,2,35.31
i_00326,o_0112,Beauty,1,55.52
i_00327,o_0112,Electronics,2,34.4
i_00328,o_0113,Home Goods,3,56.98
i_00329,o_0113,Electronics,3,65.82
i_00330,o_0114,Books,2,33.82
i_00331,o_0114,Books,1,19.92
i_00332,o_0114,Books,1,37.41
i_00333,o_0114,Home Goods,3,32.6
i_00334,o_0114,Electronics,3,36.16
i_00335,o_0115,Books,2,57.1
i_00336,o_0115,Home Goods,1,144.63
i_00337,o_0116,Electronics,3,20.11
i_00338,o_0116,Home Goods,2,33.07
i_00339,o_0116,Apparel,1,38.61
i_00340,o_0116,Home Goods,1,19.63
i_00341,o_0117,Books,2,13.83
i_00342,o_0117,Books,1,9.66
i_00343,o_0117,Home Goods,3,24.22
i_00344,o_0117,Books,1,19.2
i_00345,o_0117,Electronics,3,22.18
i_00346,o_0118,Beauty,2,27.54
i_00347,o_0118,Electronics,3,35.28
i_00348,o_0119,Books,3,33.56
i_00349,o_0119,Electronics,1,31.66
i_00350,o_0119,Home Goods,3,21.45
i_00351,o_0119,Apparel,3,38.0
i_00352,o_0120,Beauty,3,19.47
i_00353,o_0120,Apparel,2,22.31
i_00354,o_0120,Apparel,2,19.75
i_00355,o_0120,Home Goods,3,14.37
i_00356,o_0120,Apparel,1,19.23
i_00357,o_0121,Beauty,2,81.4
i_00358,o_0122,Beauty,2,81.19
i_00359,o_0122,Electronics,2,73.99
i_00360,o_0122,Electronics,2,29.14
i_00361,o_0122,Apparel,1,57.56
i_00362,o_0122,Electronics,2,74.53
i_00363,o_0123,Electronics,2,134.75
i_00364,o_0124,Electronics,3,205.67
i_00365,o_0124,Home Goods,2,153.92
i_00366,o_0125,Books,3,55.05
i_00367,o_0125,Home Goods,2,48.48
i_00368,o_0126,Books,2,37.12
i_00369,o_0126,Books,1,52.35
i_00370,o_0126,Electronics,2,34.81
i_00371,o_0126,Electronics,1,69.92
i_00372,o_0127,Home Goods,2,20.86
i_00373,o_0127,Home Goods,2,19.36
i_00374,o_0127,Electronics,1,18.37
i_00375,o_0127,Books,2,14.82
i_00376,o_0128,Beauty,1,22.2
i_00377,o_0128,Beauty,1,28.0
i_00378,o_0128,Home Goods,2,22.52
i_00379,o_0129,Home Goods,2,89.91
i_00380,o_0130,Beauty,3,101.21
i_00381,o_0131,Apparel,3,66.35
i_00382,o_0131,Apparel,2,85.15
i_00383,o_0132,Apparel,3,58.15
i_00384,o_0132,Apparel,3,54.11
i_00385,o_0133,Home Goods,3,81.66
i_00386,o_0134,Beauty,1,33.37
i_00387,o_0134,Beauty,3,49.66
i_00388,o_0134,Home Goods,1,42.01
i_00389,o_0134,Apparel,3,25.42
i_00390,o_0134,Books,2,24.25
i_00391,o_0135,Beauty,2,182.69
i_00392,o_0135,Home Goods,3,82.34
i_00393,o_0135,Beauty,3,122.46
i_00394,o_0136,Home Goods,3,104.62
i_00395,o_0136,Books,2,130.44
i_00396,o_0136,Apparel,3,93.21
i_00397,o_0136,Beauty,2,55.4
i_00398,o_0137,Home Goods,2,27.75
i_00399,o_0137,Apparel,3,30.37
i_00400,o_0137,Apparel,3,21.62
i_00401,o_0137,Home Goods,1,41.46
i_00402,o_0137,Home Goods,2,26.05
i_00403,o_0138,Beauty,2,52.91
i_00404,o_0138,Home Goods,3,41.57
i_00405,o_0138,Home Goods,2,44.19
i_00406,o_0138,Home Goods,3,28.82
i_00407,o_0139,Electronics,3,57.45
i_00408,o_0139,Books,1,56.1
i_00409,o_0140,Beauty,1,27.33
i_00410,o_0140,Apparel,1,65.0
i_00411,o_0140,Home Goods,3,52.32
i_00412,o_0140,Home Goods,1,53.6
i_00413,o_0141,Apparel,1,119.53
i_00414,o_0142,Home Goods,1,29.81
i_00415,o_0142,Home Goods,1,34.15
i_00416,o_0142,Electronics,2,25.52
i_00417,o_0142,Electronics,3,18.64
i_00418,o_0143,Electronics,2,122.72
i_00419,o_0143,Home Goods,3,161.25
i_00420,o_0144,Books,3,16.69
i_00421,o_0144,Apparel,1,13.29
i_00422,o_0144,Electronics,2,17.03
i_00423,o_0144,Beauty,3,15.28
i_00424,o_0145,Home Goods,1,37.98
i_00425,o_0145,Books,3,73.98
i_00426,o_0145,Electronics,2,38.34
i_00427,o_0146,Electronics,1,17.48
i_00428,o_0146,Apparel,1,22.97
i_00429,o_0146,Home Goods,1,37.65
i_00430,o_0146,Books,2,27.73
i_00431,o_0146,Beauty,2,19.63
i_00432,o_0147,Beauty,3,57.83
i_00433,o_0148,Home Goods,3,27.52
i_00434,o_0148,Apparel,3,25.75
i_00435,o_0148,Books,1,29.0
i_00436,o_0148,Beauty,2,23.73
i_00437,o_0148,Apparel,1,19.34
i_00438,o_0149,Home Goods,3,26.14
i_00439,o_0149,Home Goods,3,41.9
i_00440,o_0150,Electronics,2,21.18
i_00441,o_0150,Home Goods,2,23.81
i_00442,o_0150,Home Goods,2,22.32
i_00443,o_0151,Beauty,3,28.35
i_00444,o_0151,Apparel,2,18.35
i_00445,o_0151,Electronics,3,22.4
i_00446,o_0151,Home Goods,3,15.21
i_00447,o_0151,Apparel,1,11.26
i_00448,o_0152,Beauty,1,155.0
i_00449,o_0152,Apparel,3,92.82
i_00450,o_0152,Home Goods,1,163.13
i_00451,o_0152,Beauty,2,95.53
i_00452,o_0153,Books,3,23.35
i_00453,o_0153,Home Goods,3,23.64
i_00454,o_0153,Beauty,3,32.8
i_00455,o_0153,Electronics,1,29.56
i_00456,o_0154,Home Goods,3,15.03
i_00457,o_0154,Electronics,1,10.91
i_00458,o_0154,Books,2,30.07
i_00459,o_0155,Apparel,3,85.6
i_00460,o_0156,Beauty,2,71.01
i_00461,o_0156,Home Goods,3,35.39
i_00462,o_0157,Beauty,1,55.34
i_00463,o_0157,Beauty,2,68.58
i_00464,o_0158,Electronics,1,29.61
i_00465,o_0158,Beauty,2,30.21
i_00466,o_0158,Books,3,36.99
i_00467,o_0158,Electronics,2,26.48
i_00468,o_0159,Apparel,1,84.71
i_00469,o_0160,Books,2,59.24
i_00470,o_0160,Electronics,1,34.51
i_00471,o_0160,Books,2,49.31
i_00472,o_0161,Electronics,1,23.31
i_00473,o_0161,Apparel,3,22.31
i_00474,o_0161,Beauty,2,9.95
i_00475,o_0161,Electronics,1,18.07
i_00476,o_0161,Electronics,2,26.42
i_00477,o_0162,Home Goods,3,33.63
i_00478,o_0162,Electronics,3,62.74
i_00479,o_0162,Books,3,53.4
i_00480,o_0163,Books,1,19.35
i_00481,o_0163,Home Goods,3,22.07
i_00482,o_0163,Apparel,3,17.5
i_00483,o_0163,Home Goods,1,14.07
i_00484,o_0163,Apparel,3,15.99
i_00485,o_0164,Electronics,3,132.11
i_00486,o_0165,Apparel,2,33.98
i_00487,o_0165,Apparel,2,34.08
i_00488,o_0165,Home Goods,1,31.9
i_00489,o_0165,Books,2,12.45
i_00490,o_0166,Electronics,3,28.95
i_00491,o_0166,Home Goods,3,31.13
i_00492,o_0166,Electronics,2,35.59
i_00493,o_0166,Apparel,3,25.84
i_00494,o_0167,Electronics,1,38.05
i_00495,o_0167,Home Goods,3,86.2
i_00496,o_0167,Beauty,3,53.64
i_00497,o_0168,Books,2,38.01
i_00498,o_0168,Books,1,29.81
i_00499,o_0169,Electronics,2,26.41
i_00500,o_0169,Home Goods,2,16.66
i_00501,o_0169,Books,2,21.71
i_00502,o_0169,Home Goods,2,12.16
i_00503,o_0170,Apparel,1,58.32
i_00504,o_0170,Home Goods,2,43.82
i_00505,o_0171,Electronics,3,129.0
i_00506,o_0172,Electronics,2,91.51
i_00507,o_0173,Home Goods,3,27.05
i_00508,o_0173,Apparel,1,22.39
i_00509,o_0173,Home Goods,1,19.94
i_00510,o_0174,Apparel,3,33.52
i_00511,o_0174,Home Goods,1,74.43
i_00512,o_0175,Beauty,1,11.32
i_00513,o_0175,Books,2,10.09
i_00514,o_0175,Books,2,11.36
i_00515,o_0175,Home Goods,1,24.19
i_00516,o_0175,Apparel,2,12.17
i_00517,o_0176,Home Goods,2,6929.54
i_00518,o_0177,Home Goods,3,9.57
i_00519,o_0177,Apparel,3,22.14
i_00520,o_0177,Apparel,2,20.69
i_00521,o_0177,Electronics,3,17.86
i_00522,o_0177,Books,1,17.29
i_00523,o_0178,Home Goods,1,192.72
i_00524,o_0179,Apparel,1,28.13
i_00525,o_0179,Home Goods,3,31.05
i_00526,o_0179,Home Goods,1,24.2
i_00527,o_0179,Beauty,3,23.88
i_00528,o_0180,Beauty,3,34.54
i_00529,o_0180,Electronics,1,35.08
i_00530,o_0180,Books,2,36.01
i_00531,o_0180,Apparel,3,27.54
i_00532,o_0180,Electronics,2,28.58
i_00533,o_0181,Electronics,3,219.54
i_00534,o_0181,Apparel,2,160.2
i_00535,o_0182,Books,2,37.52
i_00536,o_0182,Apparel,1,36.97
i_00537,o_0182,Apparel,2,19.35
i_00538,o_0183,Books,2,3.31
i_00539,o_0183,Electronics,3,7.5
i_00540,o_0183,Electronics,1,5.98
i_00541,o_0183,Beauty,2,3.8
i_00542,o_0183,Books,1,4.73
i_00543,o_0184,Electronics,1,51.18
i_00544,o_0184,Books,2,64.16
i_00545,o_0184,Electronics,2,63.66
i_00546,o_0184,Beauty,2,25.46
i_00547,o_0185,Apparel,2,20.06
i_00548,o_0185,Electronics,3,7.85
i_00549,o_0185,Beauty,2,19.97
i_00550,o_0185,Home Goods,1,13.81
i_00551,o_0186,Home Goods,1,28.81
i_00552,o_0186,Electronics,3,11.17
i_00553,o_0186,Books,3,15.93
i_00554,o_0186,Apparel,2,12.93
i_00555,o_0187,Books,2,43.85
i_00556,o_0187,Books,3,22.27
i_00557,o_0187,Electronics,3,15.88
i_00558,o_0187,Home Goods,2,40.9
i_00559,o_0188,Electronics,2,36.1
i_00560,o_0189,Apparel,1,88.0
i_00561,o_0190,Home Goods,1,45.71
i_00562,o_0190,Beauty,1,43.19
i_00563,o_0190,Beauty,3,36.03
i_00564,o_0191,Books,1,28.72
i_00565,o_0191,Home Goods,1,53.96
i_00566,o_0191,Electronics,2,48.19
i_00567,o_0191,Beauty,1,23.05
i_00568,o_0191,Books,2,24.37
i_00569,o_0192,Books,1,146.64
i_00570,o_0193,Home Goods,1,20.12
i_00571,o_0193,Beauty,1,35.88
i_00572,o_0193,Electronics,2,32.9
i_00573,o_0194,Beauty,2,104.73
i_00574,o_0194,Beauty,3,70.11
i_00575,o_0195,Books,2,69.62
i_00576,o_0195,Home Goods,1,46.4
i_00577,o_0195,Home Goods,2,55.55
i_00578,o_0196,Apparel,2,133.11
i_00579,o_0197,Home Goods,3,140.17
i_00580,o_0198,Apparel,1,33.24
i_00581,o_0198,Apparel,2,53.25
i_00582,o_0198,Beauty,3,47.41
i_00583,o_0198,Apparel,3,36.19
i_00584,o_0199,Apparel,1,107.02
i_00585,o_0199,Beauty,2,78.91
i_00586,o_0199,Beauty,2,176.69
i_00587,o_0200,Books,2,40.44
i_00588,o_0200,Apparel,1,61.15
i_00589,o_0200,Beauty,1,49.69
i_00590,o_0201,Apparel,2,28.42
i_00591,o_0201,Home Goods,3,24.37
i_00592,o_0201,Electronics,2,25.12
i_00593,o_0201,Apparel,2,14.63
i_00594,o_0201,Electronics,3,24.6
i_00595,o_0202,Apparel,2,34.72
i_00596,o_0202,Home Goods,3,20.4
i_00597,o_0202,Apparel,3,28.8
i_00598,o_0202,Apparel,1,22.37
i_00599,o_0202,Home Goods,2,16.95
i_00600,o_0203,Electronics,2,38.72
i_00601,o_0203,Apparel,1,38.12
i_00602,o_0203,Apparel,1,36.55
i_00603,o_0204,Books,1,24.61
i_00604,o_0204,Electronics,2,18.99
i_00605,o_0204,Beauty,1,42.9
i_00606,o_0204,Electronics,3,40.78
i_00607,o_0205,Apparel,1,105.1
i_00608,o_0206,Books,1,56.23
i_00609,o_0206,Beauty,1,34.39
i_00610,o_0206,Home Goods,3,38.12
i_00611,o_0206,Beauty,3,42.46
i_00612,o_0207,Books,1,24.23
i_00613,o_0207,Electronics,1,20.87
i_00614,o_0207,Electronics,3,17.38
i_00615,o_0207,Electronics,2,24.92
i_00616,o_0208,Apparel,1,19.65
i_00617,o_0208,Home Goods,2,17.11
i_00618,o_0208,Electronics,3,17.57
i_00619,o_0208,Books,2,23.9
i_00620,o_0209,Home Goods,2,56.24
i_00621,o_0209,Books,1,112.31
i_00622,o_0209,Beauty,3,70.49
i_00623,o_0209,Electronics,2,106.98
i_00624,o_0210,Home Goods,2,56.19
i_00625,o_0210,Books,2,57.27
i_00626,o_0210,Electronics,2,56.96
i_00627,o_0211,Apparel,2,65.73
i_00628,o_0211,Books,3,73.21
i_00629,o_0212,Electronics,2,379.17
i_00630,o_0213,Home Goods,1,34.33
i_00631,o_0213,Electronics,2,27.51
i_00632,o_0213,Apparel,2,31.22
i_00633,o_0213,Beauty,1,38.64
i_00634,o_0214,Home Goods,1,82.0
i_00635,o_0214,Apparel,1,53.55
i_00636,o_0214,Books,3,60.98
i_00637,o_0214,Home Goods,2,99.7
i_00638,o_0214,Apparel,3,87.98
i_00639,o_0215,Home Goods,3,93.49
i_00640,o_0215,Apparel,1,87.07
i_00641,o_0215,Apparel,2,108.12
i_00642,o_0215,Beauty,3,90.59
i_00643,o_0215,Apparel,2,63.11
i_00644,o_0216,Beauty,3,27.02
i_00645,o_0216,Electronics,2,14.96
i_00646,o_0216,Home Goods,2,23.76
i_00647,o_0217,Beauty,3,185.91
i_00648,o_0218,Apparel,3,23.46
i_00649,o_0218,Apparel,1,28.71
i_00650,o_0218,Apparel,3,26.52
i_00651,o_0218,Apparel,3,20.75
i_00652,o_0218,Books,1,24.16
i_00653,o_0219,Electronics,2,124.65
i_00654,o_0219,Electronics,1,57.41
i_00655,o_0219,Apparel,3,108.77
i_00656,o_0220,Books,1,59.67
i_00657,o_0220,Electronics,1,106.24
i_00658,o_0221,Books,1,32.5
i_00659,o_0221,Beauty,2,19.9
i_00660,o_0221,Books,3,28.49
i_00661,o_0221,Beauty,2,11.88
i_00662,o_0222,Electronics,1,30.0
i_00663,o_0222,Books,3,18.52
i_00664,o_0222,Electronics,3,25.66
i_00665,o_0222,Electronics,3,25.51
i_00666,o_0223,Apparel,3,81.29
i_00667,o_0223,Beauty,2,49.39
i_00668,o_0224,Home Goods,1,507.91
i_00669,o_0225,Books,2,19.86
i_00670,o_0225,Books,1,31.51
i_00671,o_0225,Home Goods,2,31.56
i_00672,o_0225,Apparel,3,19.96
i_00673,o_0225,Apparel,3,30.12
i_00674,o_0226,Apparel,2,107.48
i_00675,o_0227,Home Goods,3,30.05
i_00676,o_0227,Home Goods,1,10.64
i_00677,o_0227,Electronics,1,27.97
i_00678,o_0227,Beauty,1,26.94
i_00679,o_0227,Books,1,26.07
i_00680,o_0228,Apparel,1,40.26
i_00681,o_0228,Electronics,1,57.69
i_00682,o_0228,Electronics,1,50.12
i_00683,o_0228,Electronics,1,62.36
i_00684,o_0228,Books,1,68.54
i_00685,o_0229,Electronics,2,32.16
i_00686,o_0229,Apparel,2,44.17
i_00687,o_0229,Electronics,2,48.6
i_00688,o_0230,Home Goods,2,35.94
i_00689,o_0230,Home Goods,3,30.31
i_00690,o_0230,Electronics,1,39.15
i_00691,o_0230,Home Goods,1,59.28
i_00692,o_0231,Electronics,2,39.82
i_00693,o_0231,Beauty,1,32.44
i_00694,o_0231,Home Goods,3,33.82
i_00695,o_0232,Electronics,1,119.67
i_00696,o_0233,Home Goods,1,44.29
i_00697,o_0233,Apparel,1,31.96
i_00698,o_0233,Home Goods,3,26.63
i_00699,o_0233,Apparel,1,35.18
i_00700,o_0233,Electronics,1,20.5
i_00701,o_0234,Electronics,1,25.37
i_00702,o_0234,Apparel,1,25.07
i_00703,o_0234,Beauty,3,42.13
i_00704,o_0235,Electronics,2,44.83
i_00705,o_0235,Apparel,1,37.06
i_00706,o_0235,Apparel,3,32.51
i_00707,o_0236,Electronics,3,1704.82
i_00708,o_0236,Apparel,3,3879.17
i_00709,o_0236,Apparel,1,4060.42
i_00710,o_0236,Books,3,3687.79
i_00711,o_0236,Home Goods,1,1695.65
i_00712,o_0237,Beauty,2,22.81
i_00713,o_0237,Electronics,1,29.49
i_00714,o_0237,Electronics,1,47.56
i_00715,o_0238,Apparel,1,301.93
i_00716,o_0239,Books,2,26.56
i_00717,o_0239,Books,1,24.82
i_00718,o_0239,Beauty,3,21.48
i_00719,o_0239,Books,2,19.62
i_00720,o_0239,Beauty,2,35.76
i_00721,o_0240,Apparel,2,27.37
i_00722,o_0240,Home Goods,2,40.38
i_00723,o_0240,Electronics,2,15.59
i_00724,o_0240,Apparel,2,17.45
i_00725,o_0240,Electronics,3,28.43
i_00726,o_0241,Apparel,2,21.67
i_00727,o_0241,Apparel,3,31.91
i_00728,o_0241,Electronics,2,30.49
i_00729,o_0241,Beauty,3,35.31
i_00730,o_0242,Home Goods,1,124.19
i_00731,o_0243,Home Goods,3,16.62
i_00732,o_0243,Electronics,2,11.42
i_00733,o_0243,Apparel,3,8.01
i_00734,o_0243,Home Goods,2,15.59
i_00735,o_0244,Books,2,19.13
i_00736,o_0244,Books,3,15.05
i_00737,o_0244,Home Goods,1,15.21
i_00738,o_0245,Beauty,1,19.12
i_00739,o_0245,Books,2,19.27
i_00740,o_0245,Beauty,1,27.31
i_00741,o_0245,Beauty,3,19.79
i_00742,o_0246,Electronics,1,63.76
i_00743,o_0246,Beauty,1,46.77
i_00744,o_0246,Beauty,2,66.88
i_00745,o_0247,Apparel,2,31.65
i_00746,o_0247,Beauty,1,15.49
i_00747,o_0247,Apparel,3,13.1
i_00748,o_0247,Electronics,1,30.28
i_00749,o_0247,Electronics,1,25.78
i_00750,o_0248,Home Goods,3,33.23
i_00751,o_0248,Apparel,2,70.56
i_00752,o_0248,Home Goods,3,31.64
i_00753,o_0249,Electronics,3,13.55
i_00754,o_0249,Apparel,1,19.62
i_00755,o_0249,Beauty,1,23.45
i_00756,o_0249,Apparel,2,24.72
i_00757,o_0249,Electronics,3,19.07
i_00758,o_0250,Books,2,188.34
i_00759,o_0250,Beauty,2,215.96
i_00760,o_0251,Books,3,18.23
i_00761,o_0251,Home Goods,3,15.15
i_00762,o_0251,Books,1,35.83
i_00763,o_0251,Electronics,3,19.9
i_00764,o_0251,Beauty,1,22.64
i_00765,o_0252,Beauty,3,172.06
i_00766,o_0252,Home Goods,2,91.15
i_00767,o_0253,Beauty,2,12.78
i_00768,o_0253,Apparel,3,18.19
i_00769,o_0253,Beauty,1,16.65
i_00770,o_0253,Beauty,1,14.42
i_00771,o_0253,Electronics,3,9.96
i_00772,o_0254,Home Goods,1,79.29
i_00773,o_0254,Apparel,3,91.64
i_00774,o_0255,Electronics,2,150.62
i_00775,o_0256,Beauty,2,12.1
i_00776,o_0256,Electronics,1,14.8
i_00777,o_0256,Home Goods,3,15.93
i_00778,o_0256,Books,1,10.92
i_00779,o_0256,Books,1,19.06
i_00780,o_0257,Beauty,3,21.98
i_00781,o_0257,Apparel,1,20.4
i_00782,o_0257,Home Goods,3,26.89
i_00783,o_0258,Books,3,21.34
i_00784,o_0258,Apparel,3,26.11
i_00785,o_0258,Apparel,3,12.47
i_00786,o_0258,Electronics,1,21.81
i_00787,o_0259,Home Goods,3,46.4
i_00788,o_0259,Home Goods,2,47.63
i_00789,o_0259,Electronics,3,41.77
i_00790,o_0260,Books,2,123.14
i_00791,o_0261,Electronics,1,31.32
i_00792,o_0261,Home Goods,2,36.76
i_00793,o_0261,Apparel,1,36.7
i_00794,o_0262,Apparel,2,51.3
i_00795,o_0262,Apparel,2,32.75
i_00796,o_0262,Books,2,47.65
i_00797,o_0263,Books,1,64.85
i_00798,o_0263,Books,2,43.67
i_00799,o_0264,Home Goods,3,39.17
i_00800,o_0264,Electronics,1,15.94
i_00801,o_0264,Books,3,15.19
i_00802,o_0264,Apparel,3,42.01
i_00803,o_0264,Home Goods,3,37.34
i_00804,o_0265,Books,1,15.47
i_00805,o_0265,Books,3,28.61
i_00806,o_0266,Books,1,38.08
i_00807,o_0266,Books,2,74.44
i_00808,o_0267,Books,3,157.82
i_00809,o_0268,Apparel,3,94.0
i_00810,o_0268,Beauty,2,65.48
i_00811,o_0268,Electronics,1,95.5
i_00812,o_0268,Home Goods,3,92.59
i_00813,o_0269,Electronics,3,25.23
i_00814,o_0269,Electronics,2,48.88
i_00815,o_0270,Books,3,185.6
i_00816,o_0271,Books,3,124.73
i_00817,o_0272,Apparel,2,102.01
i_00818,o_0273,Electronics,2,77.79
i_00819,o_0273,Apparel,2,97.34
i_00820,o_0273,Apparel,2,49.9
i_00821,o_0274,Electronics,2,31.37
i_00822,o_0274,Beauty,1,66.58
i_00823,o_0274,Electronics,2,43.6
i_00824,o_0275,Books,1,51.28
i_00825,o_0275,Beauty,3,23.52
i_00826,o_0275,Apparel,3,45.89
i_00827,o_0276,Electronics,3,60.55
i_00828,o_0276,Apparel,2,86.26
i_00829,o_0276,Apparel,2,59.98
i_00830,o_0277,Apparel,1,50.28
i_00831,o_0277,Apparel,3,28.95
i_00832,o_0277,Books,3,42.01
i_00833,o_0278,Home Goods,3,37.38
i_00834,o_0278,Books,3,18.89
i_00835,o_0278,Books,1,36.23
i_00836,o_0278,Books,3,35.22
i_00837,o_0279,Home Goods,2,27.17
i_00838,o_0279,Home Goods,2,15.44
i_00839,o_0279,Beauty,1,14.4
i_00840,o_0279,Electronics,3,17.01
i_00841,o_0279,Electronics,3,22.15
i_00842,o_0280,Home Goods,3,45.38
i_00843,o_0280,Books,3,61.62
i_00844,o_0281,Apparel,3,20.54
i_00845,o_0281,Home Goods,1,34.02
i_00846,o_0281,Beauty,3,20.7
i_00847,o_0281,Electronics,2,32.28
i_00848,o_0282,Books,3,38.63
i_00849,o_0282,Beauty,1,13.78
i_00850,o_0282,Electronics,1,26.37
i_00851,o_0282,Books,1,23.78
i_00852,o_0282,Books,2,19.89
i_00853,o_0283,Beauty,2,43.29
i_00854,o_0283,Home Goods,3,44.44
i_00855,o_0283,Home Goods,1,21.85
i_00856,o_0283,Home Goods,2,46.88
i_00857,o_0284,Electronics,2,19.8
i_00858,o_0284,Electronics,3,18.78
i_00859,o_0284,Home Goods,2,14.78
i_00860,o_0284,Books,1,8.48
i_00861,o_0284,Books,1,16.48
i_00862,o_0285,Electronics,2,29.51
i_00863,o_0285,Books,3,36.08
i_00864,o_0285,Electronics,1,25.14
i_00865,o_0285,Electronics,1,28.78
i_00866,o_0286,Books,2,62.57
i_00867,o_0286,Books,2,22.52
i_00868,o_0287,Books,2,24.17
i_00869,o_0287,Beauty,3,49.03
i_00870,o_0287,Home Goods,2,27.89
i_00871,o_0288,Beauty,3,27.29
i_00872,o_0288,Home Goods,2,23.29
i_00873,o_0288,Home Goods,2,14.12
i_00874,o_0289,Books,3,113.36
i_00875,o_0289,Apparel,2,85.13
i_00876,o_0290,Electronics,1,62.76
i_00877,o_0290,Home Goods,3,46.7
i_00878,o_0291,Apparel,2,40.03
i_00879,o_0291,Apparel,2,81.22
i_00880,o_0291,Books,1,72.38
i_00881,o_0291,Beauty,3,76.23
i_00882,o_0292,Beauty,3,39.81
i_00883,o_0292,Beauty,1,46.94
i_00884,o_0293,Home Goods,3,3147.8
i_00885,o_0293,Beauty,2,4442.26
i_00886,o_0293,Apparel,1,2438.59
i_00887,o_0293,Home Goods,3,3107.7
i_00888,o_0294,Beauty,1,66.29
i_00889,o_0295,Apparel,3,13.95
i_00890,o_0295,Beauty,1,25.64
i_00891,o_0295,Apparel,1,19.03
i_00892,o_0295,Electronics,1,17.87
i_00893,o_0295,Electronics,3,23.55
i_00894,o_0296,Books,1,38.47
i_00895,o_0296,Electronics,1,27.88
i_00896,o_0296,Home Goods,1,18.51
i_00897,o_0296,Electronics,3,29.34
i_00898,o_0296,Beauty,3,33.4
i_00899,o_0297,Electronics,2,113.04
i_00900,o_0298,Apparel,1,54.31
i_00901,o_0298,Books,1,63.67
i_00902,o_0298,Electronics,3,49.37
i_00903,o_0299,Home Goods,3,29.33
i_00904,o_0299,Apparel,2,38.33
i_00905,o_0299,Beauty,1,27.19
i_00906,o_0300,Beauty,1,24.99
i_00907,o_0300,Apparel,1,29.36
i_00908,o_0300,Beauty,2,45.88
i_00909,o_0301,Electronics,1,25.22
i_00910,o_0301,Apparel,3,22.42
i_00911,o_0301,Books,1,28.35
i_00912,o_0301,Electronics,2,50.03
i_00913,o_0301,Apparel,2,30.55
i_00914,o_0302,Electronics,1,28.04
i_00915,o_0302,Apparel,3,29.65
i_00916,o_0302,Electronics,1,25.97
i_00917,o_0302,Home Goods,2,37.47
i_00918,o_0302,Home Goods,1,16.47
i_00919,o_0303,Apparel,2,83.43
i_00920,o_0303,Home Goods,2,75.93
i_00921,o_0304,Apparel,3,123.77
i_00922,o_0305,Electronics,3,128.37
i_00923,o_0306,Books,2,30.0
i_00924,o_0306,Apparel,1,29.67
i_00925,o_0306,Books,3,46.17
i_00926,o_0307,Electronics,1,119.84
i_00927,o_0308,Apparel,2,168.33
i_00928,o_0309,Electronics,3,109.06
i_00929,o_0309,Home Goods,3,67.21
i_00930,o_0310,Home Goods,3,158.3
i_00931,o_0310,Apparel,2,138.64
i_00932,o_0310,Electronics,2,121.3
i_00933,o_0310,Electronics,2,79.08
i_00934,o_0311,Apparel,3,19.72
i_00935,o_0311,Home Goods,1,24.13
i_00936,o_0311,Home Goods,1,33.39
i_00937,o_0311,Home Goods,1,26.76
i_00938,o_0311,Books,1,19.64
i_00939,o_0312,Books,2,28.02
i_00940,o_0312,Books,3,70.51
i_00941,o_0312,Apparel,1,54.9
i_00942,o_0313,Home Goods,3,106.78
i_00943,o_0313,Apparel,3,73.27
i_00944,o_0313,Electronics,3,127.97
i_00945,o_0314,Home Goods,2,69.72
i_00946,o_0314,Books,2,80.29
i_00947,o_0314,Home Goods,2,43.99
i_00948,o_0315,Books,1,37.27
i_00949,o_0315,Beauty,2,13.19
i_00950,o_0315,Books,2,22.39
i_00951,o_0316,Home Goods,2,31.58
i_00952,o_0316,Books,3,31.86
i_00953,o_0316,Apparel,3,14.99
i_00954,o_0316,Books,1,20.18
i_00955,o_0316,Books,2,28.21
i_00956,o_0317,Beauty,3,53.02
i_00957,o_0317,Books,1,52.19
i_00958,o_0318,Beauty,2,31.29
i_00959,o_0318,Electronics,2,22.48
i_00960,o_0318,Beauty,2,23.07
i_00961,o_0318,Electronics,3,34.13
i_00962,o_0318,Books,1,47.6
i_00963,o_0319,Home Goods,1,118.72
i_00964,o_0320,Electronics,3,37.92
i_00965,o_0320,Apparel,3,45.01
i_00966,o_0320,Books,1,41.14
i_00967,o_0321,Electronics,1,44.22
i_00968,o_0321,Beauty,3,54.65
i_00969,o_0321,Beauty,3,56.54
i_00970,o_0322,Beauty,2,68.76
i_00971,o_0322,Home Goods,3,72.97
i_00972,o_0323,Beauty,2,200.51
i_00973,o_0323,Apparel,2,169.65
i_00974,o_0324,Books,2,248.61
i_00975,o_0324,Beauty,1,129.25
i_00976,o_0325,Home Goods,1,28.17
i_00977,o_0325,Home Goods,3,60.42
i_00978,o_0325,Apparel,1,46.39
i_00979,o_0326,Home Goods,2,52.26
i_00980,o_0326,Apparel,3,57.27
i_00981,o_0326,Electronics,2,54.78
i_00982,o_0327,Books,1,144.06
i_00983,o_0327,Home Goods,1,110.34
i_00984,o_0328,Books,3,19.97
i_00985,o_0328,Books,1,30.81
i_00986,o_0328,Beauty,1,21.11
i_00987,o_0328,Electronics,2,26.82
i_00988,o_0329,Electronics,1,48.97
i_00989,o_0329,Books,3,86.69
i_00990,o_0329,Electronics,2,36.49
i_00991,o_0330,Electronics,3,239.6
i_00992,o_0331,Home Goods,3,28.24
i_00993,o_0331,Apparel,3,31.69
i_00994,o_0331,Electronics,1,37.17
i_00995,o_0331,Home Goods,2,38.93
i_00996,o_0332,Apparel,2,70.15
i_00997,o_0332,Apparel,2,58.23
i_00998,o_0332,Home Goods,1,63.54
i_00999,o_0332,Home Goods,3,52.43
i_01000,o_0333,Apparel,2,34.69
i_01001,o_0333,Electronics,2,33.32
i_01002,o_0333,Beauty,3,42.5
i_01003,o_0334,Apparel,3,440.58
i_01004,o_0335,Apparel,3,66.23
i_01005,o_0335,Apparel,3,57.4
i_01006,o_0335,Beauty,1,85.44
i_01007,o_0335,Apparel,1,76.37
i_01008,o_0336,Beauty,2,31.04
i_01009,o_0336,Books,3,29.84
i_01010,o_0336,Apparel,1,28.69
i_01011,o_0336,Home Goods,2,32.98
i_01012,o_0337,Books,3,33.12
i_01013,o_0337,Electronics,2,38.65
i_01014,o_0337,Electronics,2,52.17
i_01015,o_0337,Apparel,3,42.57
i_01016,o_0338,Books,1,20.42
i_01017,o_0338,Beauty,3,42.81
i_01018,o_0339,Beauty,1,106.55
i_01019,o_0339,Books,1,188.3
i_01020,o_0339,Beauty,3,88.52
i_01021,o_0340,Books,2,16.59
i_01022,o_0340,Home Goods,2,17.22
i_01023,o_0340,Electronics,2,17.33
i_01024,o_0340,Beauty,2,32.8
i_01025,o_0340,Electronics,2,16.95
i_01026,o_0341,Home Goods,2,46.51
i_01027,o_0341,Apparel,2,47.29
i_01028,o_0341,Books,1,50.55
i_01029,o_0342,Electronics,3,64.93
i_01030,o_0342,Electronics,3,45.67
i_01031,o_0342,Beauty,1,34.15
i_01032,o_0343,Apparel,2,112.21
i_01033,o_0343,Beauty,3,154.87
i_01034,o_0343,Electronics,2,89.88
i_01035,o_0344,Electronics,2,13.5
i_01036,o_0344,Books,1,19.41
i_01037,o_0344,Electronics,3,17.82
i_01038,o_0344,Apparel,1,18.04
i_01039,o_0344,Apparel,1,35.49
i_01040,o_0345,Electronics,1,81.85
i_01041,o_0346,Books,3,30.97
i_01042,o_0346,Electronics,2,73.4
i_01043,o_0346,Books,1,45.56
i_01044,o_0346,Home Goods,1,43.08
i_01045,o_0346,Beauty,3,72.12
i_01046,o_0347,Home Goods,2,24.08
i_01047,o_0347,Books,2,18.62
i_01048,o_0347,Books,2,32.94
i_01049,o_0347,Apparel,3,14.9
i_01050,o_0348,Home Goods,2,56.66
i_01051,o_0348,Electronics,1,60.61
i_01052,o_0348,Books,2,77.82
i_01053,o_0349,Books,2,38.28
i_01054,o_0349,Electronics,3,58.25
i_01055,o_0349,Apparel,1,31.69
i_01056,o_0350,Beauty,2,72.15
i_01057,o_0350,Books,3,62.32
i_01058,o_0350,Electronics,3,48.9
i_01059,o_0350,Home Goods,1,86.68
i_01060,o_0350,Home Goods,1,84.85
i_01061,o_0351,Home Goods,1,57.78
i_01062,o_0351,Home Goods,1,80.25
i_01063,o_0352,Books,1,23.85
i_01064,o_0352,Electronics,2,32.61
i_01065,o_0353,Electronics,3,22.13
i_01066,o_0353,Books,3,10.34
i_01067,o_0353,Apparel,1,9.67
i_01068,o_0353,Beauty,1,21.56
i_01069,o_0353,Electronics,1,9.88
i_01070,o_0354,Beauty,3,116.98
i_01071,o_0355,Beauty,2,79.45
i_01072,o_0356,Apparel,1,35.2
i_01073,o_0356,Beauty,3,38.65
i_01074,o_0357,Electronics,1,29.0
i_01075,o_0357,Books,3,11.38
i_01076,o_0357,Apparel,3,27.88
i_01077,o_0357,Beauty,3,19.45
i_01078,o_0357,Books,2,12.13
i_01079,o_0358,Apparel,2,83.37
i_01080,o_0358,Apparel,1,46.38
i_01081,o_0358,Apparel,2,56.91
i_01082,o_0358,Home Goods,2,74.9
i_01083,o_0358,Electronics,1,51.08
i_01084,o_0359,Beauty,3,39.1
i_01085,o_0359,Apparel,3,23.38
i_01086,o_0359,Books,1,18.32
i_01087,o_0359,Books,3,35.93
i_01088,o_0360,Apparel,1,66.03
i_01089,o_0360,Electronics,2,47.26
i_01090,o_0361,Electronics,1,10.86
i_01091,o_0361,Apparel,3,9.14
i_01092,o_0361,Home Goods,2,5.26
i_01093,o_0361,Electronics,2,7.7
i_01094,o_0361,Apparel,2,6.66
i_01095,o_0362,Electronics,2,147.8
i_01096,o_0363,Beauty,3,38.25
i_01097,o_0363,Home Goods,3,49.33
i_01098,o_0364,Books,1,79.78
i_01099,o_0364,Electronics,3,32.97
i_01100,o_0365,Books,1,69.24
i_01101,o_0365,Apparel,2,30.67
i_01102,o_0365,Apparel,1,61.45
i_01103,o_0366,Books,1,8.01
i_01104,o_0366,Home Goods,3,10.29
i_01105,o_0366,Electronics,2,12.19
i_01106,o_0366,Books,2,12.05
i_01107,o_0366,Electronics,1,4.47
i_01108,o_0367,Electronics,2,149.04
i_01109,o_0367,Apparel,3,99.86
i_01110,o_0367,Apparel,2,131.92
i_01111,o_0368,Home Goods,2,85.92
i_01112,o_0368,Home Goods,1,49.24
i_01113,o_0368,Books,2,51.75
i_01114,o_0369,Home Goods,2,38.76
i_01115,o_0369,Electronics,3,87.37
i_01116,o_0370,Electronics,1,33.1
i_01117,o_0370,Books,2,34.04
i_01118,o_0370,Beauty,1,29.83
i_01119,o_0370,Beauty,3,26.99
i_01120,o_0371,Electronics,2,41.64
i_01121,o_0371,Apparel,1,45.87
i_01122,o_0371,Home Goods,3,52.43
i_01123,o_0372,Home Goods,3,64.65
i_01124,o_0372,Home Goods,1,53.24
i_01125,o_0372,Beauty,1,34.27
i_01126,o_0373,Electronics,1,18.43
i_01127,o_0373,Home Goods,2,22.13
i_01128,o_0374,Electronics,2,30.71
i_01129,o_0374,Apparel,2,21.08
i_01130,o_0374,Home Goods,2,29.81
i_01131,o_0374,Home Goods,1,35.54
i_01132,o_0374,Electronics,3,28.85
i_01133,o_0375,Apparel,2,20.06
i_01134,o_0375,Books,2,46.75
i_01135,o_0375,Home Goods,2,50.55
i_01136,o_0376,Beauty,3,16.32
i_01137,o_0376,Electronics,1,16.98
i_01138,o_0376,Books,1,20.45
i_01139,o_0376,Books,2,17.44
i_01140,o_0376,Electronics,2,19.78
i_01141,o_0377,Books,2,26.06
i_01142,o_0377,Apparel,2,21.29
i_01143,o_0377,Apparel,1,26.63
i_01144,o_0378,Electronics,1,37.87
i_01145,o_0378,Home Goods,2,20.2
i_01146,o_0379,Apparel,1,53.77
i_01147,o_0379,Electronics,1,65.19
i_01148,o_0380,Beauty,2,35.86
i_01149,o_0380,Beauty,2,43.97
i_01150,o_0380,Electronics,2,49.31
i_01151,o_0381,Beauty,1,20.16
i_01152,o_0381,Electronics,3,36.47
i_01153,o_0381,Apparel,2,34.23
i_01154,o_0382,Apparel,1,98.68
i_01155,o_0383,Apparel,2,61.73
i_01156,o_0383,Home Goods,3,61.45
i_01157,o_0384,Home Goods,3,32.17
i_01158,o_0384,Books,3,19.52
i_01159,o_0384,Books,1,21.93
i_01160,o_0384,Beauty,3,24.69
i_01161,o_0385,Apparel,2,100.25
i_01162,o_0386,Apparel,3,36.23
i_01163,o_0386,Books,1,19.96
i_01164,o_0386,Electronics,3,24.67
i_01165,o_0387,Home Goods,1,16.23
i_01166,o_0387,Beauty,2,8.67
i_01167,o_0387,Electronics,2,21.74
i_01168,o_0388,Beauty,2,29.64
i_01169,o_0388,Home Goods,3,14.26
i_01170,o_0388,Beauty,1,24.69
i_01171,o_0388,Home Goods,3,30.95
i_01172,o_0389,Beauty,2,95.31
i_01173,o_0390,Beauty,2,42.45
i_01174,o_0390,Books,3,52.77
i_01175,o_0390,Electronics,2,24.98
i_01176,o_0391,Books,1,116.47
i_01177,o_0392,Beauty,2,12.4
i_01178,o_0392,Electronics,3,27.99
i_01179,o_0392,Apparel,3,20.57
i_01180,o_0392,Apparel,1,27.14
i_01181,o_0392,Home Goods,2,11.94
i_01182,o_0393,Electronics,2,12.52
i_01183,o_0393,Apparel,1,23.13
i_01184,o_0393,Apparel,2,27.93
i_01185,o_0393,Electronics,3,21.74
i_01186,o_0393,Beauty,3,11.55
i_01187,o_0394,Electronics,3,77.49
i_01188,o_0395,Electronics,3,27.65
i_01189,o_0395,Home Goods,1,30.85
i_01190,o_0395,Books,1,17.62
i_01191,o_0395,Apparel,2,32.07
i_01192,o_0396,Apparel,1,211.69
i_01193,o_0396,Apparel,1,97.77
i_01194,o_0397,Electronics,2,13.28
i_01195,o_0397,Apparel,2,36.62
i_01196,o_0397,Electronics,2,23.53
i_01197,o_0397,Books,1,25.45
i_01198,o_0398,Books,1,55.23
i_01199,o_0398,Apparel,1,19.54
i_01200,o_0398,Apparel,1,23.89
i_01201,o_0398,Apparel,1,45.46
i_01202,o_0399,Beauty,1,265.88
i_01203,o_0399,Apparel,3,219.53
i_01204,o_0400,Home Goods,1,19.6
i_01205,o_0400,Electronics,2,22.38
i_01206,o_0400,Books,3,17.51
i_01207,o_0400,Beauty,3,25.26
i_01208,o_0401,Beauty,2,39.87
i_01209,o_0401,Electronics,2,53.42
i_01210,o_0401,Home Goods,2,35.2
i_01211,o_0401,Beauty,1,51.2
i_01212,o_0402,Apparel,3,33.6
i_01213,o_0402,Books,2,21.81
i_01214,o_0402,Apparel,1,30.29
i_01215,o_0402,Electronics,3,21.53
i_01216,o_0402,Apparel,1,19.17
i_01217,o_0403,Apparel,1,41.94
i_01218,o_0403,Books,3,38.17
i_01219,o_0403,Home Goods,1,59.35
i_01220,o_0404,Apparel,1,13.14
i_01221,o_0404,Books,1,12.12
i_01222,o_0404,Beauty,3,13.51
i_01223,o_0404,Electronics,3,13.25
i_01224,o_0404,Electronics,3,12.36
i_01225,o_0405,Books,3,44.11
i_01226,o_0405,Electronics,1,40.04
i_01227,o_0405,Electronics,1,38.65
i_01228,o_0405,Home Goods,3,18.13
i_01229,o_0405,Electronics,3,31.86
i_01230,o_0406,Home Goods,2,13.55
i_01231,o_0406,Home Goods,2,17.11
i_01232,o_0406,Apparel,2,9.24
i_01233,o_0406,Books,2,19.22
i_01234,o_0406,Beauty,3,13.95
i_01235,o_0407,Beauty,1,21.46
i_01236,o_0407,Apparel,1,37.85
i_01237,o_0407,Apparel,1,22.73
i_01238,o_0407,Apparel,3,20.56
i_01239,o_0408,Home Goods,2,12.29
i_01240,o_0408,Beauty,2,17.0
i_01241,o_0408,Apparel,3,6.76
i_01242,o_0408,Electronics,3,12.9
i_01243,o_0408,Electronics,1,6.9
i_01244,o_0409,Electronics,3,30.55
i_01245,o_0409,Home Goods,2,24.65
i_01246,o_0409,Beauty,1,39.09
i_01247,o_0410,Electronics,2,24.09
i_01248,o_0410,Home Goods,3,38.74
i_01249,o_0410,Apparel,3,35.04
i_01250,o_0410,Home Goods,3,17.81
i_01251,o_0410,Electronics,3,36.65
i_01252,o_0411,Beauty,2,26.82
i_01253,o_0411,Beauty,1,48.14
i_01254,o_0411,Electronics,3,37.96
i_01255,o_0411,Apparel,1,41.62
i_01256,o_0412,Electronics,2,22.76
i_01257,o_0412,Home Goods,3,20.1
i_01258,o_0412,Home Goods,2,15.72
i_01259,o_0412,Electronics,2,12.02
i_01260,o_0412,Apparel,2,16.4
i_01261,o_0413,Beauty,1,26.41
i_01262,o_0413,Books,3,17.29
i_01263,o_0413,Apparel,1,23.73
i_01264,o_0413,Home Goods,1,22.91
i_01265,o_0413,Home Goods,2,19.23
i_01266,o_0414,Home Goods,1,62.01
i_01267,o_0414,Apparel,3,68.78
i_01268,o_0414,Home Goods,3,37.38
i_01269,o_0415,Electronics,3,34.16
i_01270,o_0415,Beauty,3,85.42
i_01271,o_0415,Beauty,1,38.6
i_01272,o_0416,Apparel,3,335.7
i_01273,o_0417,Apparel,2,22.34
i_01274,o_0417,Electronics,3,15.84
i_01275,o_0417,Home Goods,3,23.67
i_01276,o_0417,Books,2,28.82
i_01277,o_0417,Apparel,2,24.88
i_01278,o_0418,Beauty,1,26.18
i_01279,o_0418,Home Goods,1,11.84
i_01280,o_0418,Apparel,2,33.7
i_01281,o_0418,Books,1,21.97
i_01282,o_0419,Apparel,2,141.11
i_01283,o_0419,Books,2,125.04
i_01284,o_0419,Books,1,69.08
i_01285,o_0420,Home Goods,1,68.46
i_01286,o_0420,Home Goods,1,35.86
i_01287,o_0420,Electronics,2,25.56
i_01288,o_0421,Electronics,3,42.19
i_01289,o_0421,Books,2,55.46
i_01290,o_0422,Electronics,1,25.0
i_01291,o_0422,Beauty,1,26.48
i_01292,o_0422,Beauty,2,21.4
i_01293,o_0422,Apparel,2,19.41
i_01294,o_0423,Electronics,3,39.44
i_01295,o_0423,Electronics,1,66.09
i_01296,o_0423,Books,2,38.79
i_01297,o_0423,Electronics,3,47.53
i_01298,o_0423,Apparel,3,33.95
i_01299,o_0424,Home Goods,2,28.88
i_01300,o_0424,Home Goods,1,32.73
i_01301,o_0424,Electronics,1,33.75
i_01302,o_0424,Books,2,20.6
i_01303,o_0424,Beauty,1,25.72
i_01304,o_0425,Electronics,1,145.3
i_01305,o_0426,Beauty,3,40.21
i_01306,o_0426,Home Goods,2,19.06
i_01307,o_0426,Beauty,3,43.58
i_01308,o_0427,Apparel,3,7.78
i_01309,o_0427,Apparel,2,11.8
i_01310,o_0427,Beauty,2,12.72
i_01311,o_0427,Apparel,3,18.36
i_01312,o_0427,Books,3,11.22
i_01313,o_0428,Home Goods,3,66.77
i_01314,o_0428,Electronics,2,31.73
i_01315,o_0429,Beauty,1,157.51
i_01316,o_0430,Electronics,3,12.09
i_01317,o_0430,Home Goods,3,19.42
i_01318,o_0430,Apparel,1,27.15
i_01319,o_0430,Beauty,1,22.82
i_01320,o_0431,Apparel,1,55.84
i_01321,o_0431,Books,2,45.81
i_01322,o_0431,Electronics,3,25.39
i_01323,o_0432,Beauty,3,37.5
i_01324,o_0432,Apparel,3,39.09
i_01325,o_0432,Books,3,24.91
i_01326,o_0433,Beauty,2,17.28
i_01327,o_0433,Electronics,3,15.07
i_01328,o_0433,Beauty,1,12.94
i_01329,o_0433,Home Goods,1,27.86
i_01330,o_0434,Home Goods,1,20.67
i_01331,o_0434,Beauty,3,27.3
i_01332,o_0434,Home Goods,3,20.86
i_01333,o_0434,Apparel,3,22.97
i_01334,o_0434,Beauty,1,28.16
i_01335,o_0435,Electronics,3,12.54
i_01336,o_0435,Electronics,1,25.11
i_01337,o_0435,Books,2,14.23
i_01338,o_0435,Apparel,2,32.82
i_01339,o_0435,Apparel,3,31.98
i_01340,o_0436,Beauty,1,60.34
i_01341,o_0436,Books,1,63.2
i_01342,o_0437,Home Goods,3,51.25
i_01343,o_0437,Beauty,1,29.47
i_01344,o_0437,Home Goods,2,66.71
i_01345,o_0438,Apparel,1,29.23
i_01346,o_0438,Books,3,27.13
i_01347,o_0438,Home Goods,1,32.78
i_01348,o_0438,Electronics,1,24.18
i_01349,o_0438,Electronics,2,26.03
i_01350,o_0439,Apparel,3,107.88
i_01351,o_0439,Home Goods,1,100.93
i_01352,o_0439,Apparel,2,198.51
i_01353,o_0440,Electronics,3,35.93
i_01354,o_0440,Books,1,16.56
i_01355,o_0440,Apparel,2,28.94
i_01356,o_0440,Books,1,21.84
i_01357,o_0440,Beauty,2,28.22
i_01358,o_0441,Electronics,1,31.17
i_01359,o_0441,Books,3,24.69
i_01360,o_0441,Electronics,3,16.82
i_01361,o_0442,Books,1,109.79
i_01362,o_0442,Electronics,3,59.14
i_01363,o_0442,Home Goods,3,82.17
i_01364,o_0443,Electronics,1,45.8
i_01365,o_0443,Apparel,3,103.78
i_01366,o_0444,Beauty,3,72.14
i_01367,o_0444,Beauty,1,34.15
i_01368,o_0445,Beauty,1,68.83
i_01369,o_0445,Beauty,1,51.97
i_01370,o_0445,Home Goods,2,70.15
i_01371,o_0446,Electronics,1,118.74
i_01372,o_0447,Electronics,1,413.83
i_01373,o_0448,Apparel,2,14.57
i_01374,o_0448,Beauty,1,15.15
i_01375,o_0448,Books,2,32.22
i_01376,o_0448,Books,2,24.8
i_01377,o_0448,Home Goods,2,17.52
i_01378,o_0449,Books,1,48.45
i_01379,o_0449,Books,2,36.77
i_01380,o_0449,Books,3,48.87
i_01381,o_0450,Apparel,1,31.05
i_01382,o_0450,Apparel,2,27.9
i_01383,o_0450,Electronics,1,30.92
i_01384,o_0450,Beauty,1,23.73
i_01385,o_0451,Apparel,3,39.48
i_01386,o_0451,Beauty,1,55.32
i_01387,o_0451,Home Goods,1,39.49
i_01388,o_0451,Apparel,3,23.02
i_01389,o_0452,Beauty,1,47.38
i_01390,o_0452,Electronics,3,106.78
i_01391,o_0453,Apparel,1,47.0
i_01392,o_0453,Apparel,3,18.46
i_01393,o_0453,Beauty,1,35.57
i_01394,o_0453,Books,2,31.44
i_01395,o_0454,Beauty,3,74.84
i_01396,o_0454,Home Goods,2,37.62
i_01397,o_0455,Electronics,3,48.45
i_01398,o_0455,Apparel,2,41.07
i_01399,o_0455,Electronics,3,89.68
i_01400,o_0456,Beauty,2,15.39
i_01401,o_0456,Books,1,12.82
i_01402,o_0456,Beauty,2,25.21
i_01403,o_0456,Books,1,10.95
i_01404,o_0456,Electronics,2,28.75
i_01405,o_0457,Home Goods,1,17.55
i_01406,o_0457,Electronics,2,13.33
i_01407,o_0457,Beauty,2,17.75
i_01408,o_0458,Books,2,73.37
i_01409,o_0459,Electronics,1,25.94
i_01410,o_0459,Home Goods,3,42.79
i_01411,o_0459,Apparel,2,40.27
i_01412,o_0459,Books,2,36.87
i_01413,o_0459,Apparel,1,26.54
i_01414,o_0460,Home Goods,1,48.79
i_01415,o_0460,Beauty,1,35.89
i_01416,o_0460,Home Goods,1,46.97
i_01417,o_0460,Home Goods,3,33.42
i_01418,o_0460,Books,3,26.56
i_01419,o_0461,Home Goods,1,48.67
i_01420,o_0461,Home Goods,1,45.51
i_01421,o_0461,Beauty,2,19.21
i_01422,o_0462,Beauty,3,49.16
i_01423,o_0462,Apparel,3,80.97
i_01424,o_0463,Beauty,1,55.12
i_01425,o_0463,Beauty,3,98.48
i_01426,o_0464,Electronics,3,47.81
i_01427,o_0464,Electronics,3,59.69
i_01428,o_0465,Beauty,2,153.76
i_01429,o_0466,Home Goods,1,13.64
i_01430,o_0466,Apparel,1,37.17
i_01431,o_0466,Books,1,27.31
i_01432,o_0466,Home Goods,3,32.33
i_01433,o_0467,Electronics,1,115.41
i_01434,o_0468,Home Goods,1,73.64
i_01435,o_0468,Beauty,2,53.89
i_01436,o_0469,Apparel,1,49.54
i_01437,o_0469,Apparel,3,58.35
i_01438,o_0470,Electronics,1,74.04
i_01439,o_0470,Electronics,1,37.7
i_01440,o_0470,Home Goods,1,54.37
i_01441,o_0471,Home Goods,1,28.99
i_01442,o_0471,Electronics,1,67.89
i_01443,o_0471,Electronics,3,62.48
i_01444,o_0471,Beauty,1,25.24
i_01445,o_0471,Home Goods,2,53.24
i_01446,o_0472,Books,3,101.77
i_01447,o_0473,Home Goods,2,104.09
i_01448,o_0473,Beauty,1,110.49
i_01449,o_0473,Home Goods,3,106.57
i_01450,o_0473,Apparel,1,85.84
i_01451,o_0474,Beauty,1,114.44
i_01452,o_0475,Electronics,2,36.08
i_01453,o_0475,Beauty,2,53.74
i_01454,o_0475,Home Goods,3,22.54
i_01455,o_0475,Books,1,28.8
i_01456,o_0476,Beauty,2,23.02
i_01457,o_0476,Beauty,1,13.79
i_01458,o_0476,Books,1,17.77
i_01459,o_0477,Apparel,2,44.88
i_01460,o_0477,Books,3,38.57
i_01461,o_0477,Electronics,2,46.56
i_01462,o_0478,Beauty,2,28.46
i_01463,o_0478,Books,2,16.57
i_01464,o_0478,Beauty,3,21.16
i_01465,o_0478,Home Goods,2,17.37
i_01466,o_0478,Beauty,1,30.23
i_01467,o_0479,Books,3,20.45
i_01468,o_0479,Home Goods,3,13.24
i_01469,o_0480,Home Goods,3,28.53
i_01470,o_0480,Home Goods,1,42.33
i_01471,o_0480,Apparel,1,28.43
i_01472,o_0480,Books,3,32.29
i_01473,o_0481,Books,3,74.88
i_01474,o_0481,Electronics,3,43.4
i_01475,o_0482,Apparel,2,135.62
i_01476,o_0483,Electronics,2,24.08
i_01477,o_0483,Home Goods,1,30.72
i_01478,o_0483,Home Goods,3,31.49
i_01479,o_0483,Electronics,3,28.17
i_01480,o_0483,Beauty,1,19.94
i_01481,o_0484,Books,1,57.11
i_01482,o_0484,Home Goods,1,36.15
i_01483,o_0484,Electronics,2,32.78
i_01484,o_0484,Apparel,3,68.91
i_01485,o_0485,Electronics,1,10.0
i_01486,o_0486,Beauty,3,29.81
i_01487,o_0486,Beauty,2,20.36
i_01488,o_0486,Home Goods,3,26.94
i_01489,o_0486,Books,3,17.09
i_01490,o_0487,Apparel,1,13.56
i_01491,o_0487,Electronics,2,27.3
i_01492,o_0487,Books,3,11.12
i_01493,o_0487,Home Goods,2,24.61
i_01494,o_0487,Beauty,2,20.37
i_01495,o_0488,Books,1,74.38
i_01496,o_0488,Apparel,2,93.36
i_01497,o_0489,Apparel,3,52.69
i_01498,o_0489,Electronics,2,126.27
i_01499,o_0490,Books,1,78.46
i_01500,o_0490,Apparel,3,65.69
i_01501,o_0491,Home Goods,2,19.34
i_01502,o_0491,Electronics,2,19.26
i_01503,o_0491,Electronics,2,54.85
i_01504,o_0491,Beauty,1,29.73
i_01505,o_0491,Beauty,2,49.94
i_01506,o_0492,Beauty,3,117.8
i_01507,o_0493,Home Goods,3,37.76
i_01508,o_0493,Beauty,3,28.95
i_01509,o_0494,Books,1,132.75
i_01510,o_0495,Electronics,3,81.06
i_01511,o_0495,Books,1,65.81
i_01512,o_0496,Home Goods,2,73.53
i_01513,o_0496,Books,1,163.74
i_01514,o_0497,Electronics,2,11.88
i_01515,o_0497,Beauty,3,13.88
i_01516,o_0497,Apparel,2,12.44
i_01517,o_0497,Apparel,3,13.93
i_01518,o_0497,Home Goods,2,7.09
i_01519,o_0498,Electronics,1,74.58
i_01520,o_0499,Books,2,49.79
i_01521,o_0499,Beauty,2,44.17
i_01522,o_0499,Home Goods,1,36.49
i_01523,o_0499,Home Goods,1,32.08
i_01524,o_0500,Apparel,2,175.89
i_01525,o_0501,Books,3,42.11
i_01526,o_0501,Home Goods,3,46.73
i_01527,o_0501,Books,2,29.03
i_01528,o_0502,Electronics,1,71.82
i_01529,o_0502,Beauty,1,81.24
i_01530,o_0503,Apparel,3,38.59
i_01531,o_0503,Beauty,3,27.58
i_01532,o_0503,Beauty,2,25.36
i_01533,o_0503,Beauty,2,23.26
i_01534,o_0503,Electronics,1,46.88
i_01535,o_0504,Books,2,78.82
i_01536,o_0505,Books,3,26.84
i_01537,o_0505,Apparel,2,53.13
i_01538,o_0506,Home Goods,3,16.53
i_01539,o_0506,Beauty,3,12.4
i_01540,o_0506,Beauty,3,15.19
i_01541,o_0507,Apparel,3,25.19
i_01542,o_0507,Home Goods,2,38.03
i_01543,o_0507,Apparel,2,31.5
i_01544,o_0507,Home Goods,1,32.32
i_01545,o_0508,Beauty,3,27.59
i_01546,o_0508,Electronics,1,26.93
i_01547,o_0508,Electronics,1,22.0
i_01548,o_0508,Books,1,34.23
i_01549,o_0508,Apparel,1,27.51
i_01550,o_0509,Beauty,1,34.06
i_01551,o_0509,Beauty,1,30.62
i_01552,o_0509,Home Goods,3,33.07
i_01553,o_0509,Books,1,14.21
i_01554,o_0510,Books,2,31.3
i_01555,o_0510,Beauty,3,28.16
i_01556,o_0510,Apparel,1,22.76
i_01557,o_0510,Home Goods,2,33.61
i_01558,o_0511,Home Goods,2,64.42
i_01559,o_0511,Apparel,1,102.22
i_01560,o_0511,Electronics,3,113.7
i_01561,o_0511,Apparel,3,122.48
i_01562,o_0512,Beauty,1,29.37
i_01563,o_0512,Home Goods,1,15.29
i_01564,o_0512,Apparel,1,25.75
i_01565,o_0512,Apparel,3,31.97
i_01566,o_0512,Apparel,3,15.1
i_01567,o_0513,Home Goods,2,55.29
i_01568,o_0513,Beauty,3,86.67
i_01569,o_0513,Books,2,46.1
i_01570,o_0513,Books,1,42.44
i_01571,o_0513,Books,3,39.08
i_01572,o_0514,Home Goods,3,70.16
i_01573,o_0515,Beauty,1,316.82
i_01574,o_0515,Beauty,1,194.53
i_01575,o_0516,Electronics,1,69.6
i_01576,o_0516,Electronics,2,52.69
i_01577,o_0517,Books,1,163.49
i_01578,o_0518,Beauty,2,234.37
i_01579,o_0519,Apparel,2,48.55
i_01580,o_0519,Books,3,91.88
i_01581,o_0519,Beauty,2,100.3
i_01582,o_0519,Electronics,2,57.83
i_01583,o_0520,Books,3,15.35
i_01584,o_0520,Apparel,1,16.24
i_01585,o_0520,Beauty,2,15.98
i_01586,o_0520,Books,3,11.41
i_01587,o_0520,Electronics,3,19.7
i_01588,o_0521,Books,1,70.75
i_01589,o_0521,Electronics,3,85.78
i_01590,o_0522,Home Goods,3,25.86
i_01591,o_0522,Home Goods,3,28.52
i_01592,o_0522,Books,2,11.39
i_01593,o_0522,Apparel,1,29.62
i_01594,o_0522,Electronics,1,29.66
i_01595,o_0523,Electronics,1,14.8
i_01596,o_0523,Electronics,1,32.53
i_01597,o_0523,Electronics,1,22.84
i_01598,o_0524,Home Goods,3,48.35
i_01599,o_0524,Beauty,3,30.52
i_01600,o_0524,Home Goods,2,42.94
i_01601,o_0524,Books,3,49.52
i_01602,o_0525,Apparel,3,26.9
i_01603,o_0525,Beauty,3,19.18
i_01604,o_0525,Beauty,3,13.74
i_01605,o_0525,Beauty,2,25.98
i_01606,o_0526,Electronics,2,32.05
i_01607,o_0526,Books,2,44.87
i_01608,o_0526,Electronics,3,22.13
i_01609,o_0526,Electronics,3,18.0
i_01610,o_0527,Electronics,3,154.95
i_01611,o_0528,Beauty,2,40.55
i_01612,o_0528,Beauty,1,23.67
i_01613,o_0528,Electronics,1,31.18
i_01614,o_0528,Apparel,1,35.35
i_01615,o_0529,Home Goods,2,102.58
i_01616,o_0529,Books,3,96.36
i_01617,o_0529,Books,2,109.17
i_01618,o_0529,Books,1,48.51
i_01619,o_0529,Books,1,57.28
i_01620,o_0530,Beauty,2,38.92
i_01621,o_0530,Electronics,1,30.84
i_01622,o_0530,Beauty,1,22.08
i_01623,o_0530,Home Goods,3,13.85
i_01624,o_0530,Apparel,1,30.49
i_01625,o_0531,Books,3,29.82
i_01626,o_0531,Apparel,1,25.27
i_01627,o_0531,Books,3,11.94
i_01628,o_0531,Electronics,1,28.62
i_01629,o_0531,Books,2,24.53
i_01630,o_0532,Electronics,1,17.03
i_01631,o_0532,Beauty,3,24.2
i_01632,o_0532,Books,3,15.64
i_01633,o_0532,Apparel,2,22.63
i_01634,o_0532,Electronics,3,21.23
i_01635,o_0533,Apparel,2,21.3
i_01636,o_0533,Electronics,2,28.42
i_01637,o_0533,Beauty,3,39.51
i_01638,o_0533,Home Goods,3,22.39
i_01639,o_0534,Books,3,69.33
i_01640,o_0534,Books,1,57.75
i_01641,o_0534,Electronics,2,125.65
i_01642,o_0534,Beauty,2,83.29
i_01643,o_0534,Apparel,1,94.18
i_01644,o_0535,Books,3,72.68
i_01645,o_0535,Home Goods,3,51.55
i_01646,o_0536,Beauty,2,42.68
i_01647,o_0536,Apparel,3,53.77
i_01648,o_0536,Books,3,47.33
i_01649,o_0537,Electronics,1,24.94
i_01650,o_0537,Beauty,1,29.04
i_01651,o_0537,Home Goods,1,23.6
i_01652,o_0537,Apparel,1,39.85
i_01653,o_0537,Beauty,1,34.0
i_01654,o_0538,Home Goods,2,28.57
i_01655,o_0538,Apparel,2,28.96
i_01656,o_0538,Beauty,3,58.59
i_01657,o_0539,Books,2,72.97
i_01658,o_0540,Electronics,2,36.28
i_01659,o_0540,Home Goods,2,19.6
i_01660,o_0540,Home Goods,2,30.36
i_01661,o_0540,Beauty,2,28.82
i_01662,o_0541,Home Goods,1,95.05
i_01663,o_0542,Home Goods,3,33.1
i_01664,o_0542,Beauty,3,46.64
i_01665,o_0542,Home Goods,3,42.2
i_01666,o_0542,Home Goods,2,33.56
i_01667,o_0542,Apparel,3,49.55
i_01668,o_0543,Beauty,3,54.03
i_01669,o_0543,Books,3,57.15
i_01670,o_0544,Electronics,1,80.35
i_01671,o_0544,Beauty,3,70.06
i_01672,o_0544,Apparel,2,88.89
i_01673,o_0545,Apparel,3,93.06
i_01674,o_0545,Apparel,1,108.63
i_01675,o_0545,Electronics,3,163.94
i_01676,o_0546,Books,1,27.36
i_01677,o_0546,Apparel,3,23.19
i_01678,o_0547,Books,2,30.9
i_01679,o_0547,Electronics,2,13.09
i_01680,o_0547,Books,3,17.19
i_01681,o_0548,Home Goods,2,84.97
i_01682,o_0549,Apparel,3,47.83
i_01683,o_0549,Beauty,3,52.21
i_01684,o_0550,Books,1,77.75
i_01685,o_0550,Beauty,1,103.7
i_01686,o_0551,Home Goods,3,43.75
i_01687,o_0551,Beauty,3,30.91
i_01688,o_0551,Electronics,3,71.86
i_01689,o_0552,Home Goods,1,48.44
i_01690,o_0552,Books,3,25.09
i_01691,o_0552,Electronics,1,40.17
i_01692,o_0553,Apparel,1,49.12
i_01693,o_0553,Apparel,1,38.95
i_01694,o_0554,Electronics,3,44.43
i_01695,o_0554,Books,1,31.37
i_01696,o_0554,Electronics,1,20.85
i_01697,o_0554,Beauty,1,24.11
i_01698,o_0555,Electronics,3,63.74
i_01699,o_0555,Electronics,2,55.93
i_01700,o_0555,Electronics,1,34.07
i_01701,o_0555,Electronics,2,40.24
i_01702,o_0556,Apparel,3,13.1
i_01703,o_0556,Electronics,3,20.47
i_01704,o_0556,Beauty,1,27.09
i_01705,o_0556,Apparel,1,31.64
i_01706,o_0557,Electronics,2,7.59
i_01707,o_0557,Beauty,1,18.75
i_01708,o_0557,Home Goods,3,13.6
i_01709,o_0557,Beauty,1,16.52
i_01710,o_0557,Home Goods,3,18.88
i_01711,o_0558,Electronics,3,140.17
i_01712,o_0559,Books,2,51.71
i_01713,o_0559,Home Goods,3,77.67
i_01714,o_0560,Electronics,3,12.17
i_01715,o_0560,Books,1,10.14
i_01716,o_0560,Apparel,1,11.88
i_01717,o_0560,Home Goods,1,20.08
i_01718,o_0561,Books,1,139.05
i_01719,o_0562,Books,2,2.15
i_01720,o_0562,Beauty,1,2.29
i_01721,o_0562,Books,1,5.57
i_01722,o_0563,Apparel,1,169.2
i_01723,o_0564,Electronics,1,161.13
i_01724,o_0565,Apparel,1,70.98
i_01725,o_0566,Beauty,1,157.52
i_01726,o_0566,Books,3,219.68
i_01727,o_0567,Apparel,3,14.4
i_01728,o_0567,Electronics,1,12.0
i_01729,o_0567,Books,2,24.82
i_01730,o_0567,Electronics,1,19.11
i_01731,o_0567,Apparel,3,26.63
i_01732,o_0568,Apparel,3,17.91
i_01733,o_0568,Home Goods,1,28.25
i_01734,o_0568,Books,1,34.19
i_01735,o_0568,Books,2,39.53
i_01736,o_0569,Apparel,1,24.4
i_01737,o_0569,Electronics,2,25.52
i_01738,o_0569,Apparel,3,27.17
i_01739,o_0569,Apparel,2,30.85
i_01740,o_0570,Electronics,1,25.36
i_01741,o_0570,Apparel,3,14.79
i_01742,o_0571,Apparel,1,12.77
i_01743,o_0571,Beauty,3,23.36
i_01744,o_0571,Beauty,3,21.61
i_01745,o_0572,Home Goods,3,24.49
i_01746,o_0572,Home Goods,1,36.42
i_01747,o_0572,Books,3,22.92
i_01748,o_0572,Electronics,2,38.88
i_01749,o_0573,Electronics,3,17.05
i_01750,o_0573,Home Goods,3,13.04
i_01751,o_0573,Electronics,3,11.92
i_01752,o_0574,Home Goods,3,142.12
i_01753,o_0575,Books,3,38.32
i_01754,o_0575,Books,2,38.43
i_01755,o_0575,Apparel,1,15.21
i_01756,o_0575,Home Goods,1,36.32
i_01757,o_0576,Books,2,51.19
i_01758,o_0576,Electronics,3,51.23
i_01759,o_0576,Apparel,2,33.53
i_01760,o_0576,Electronics,3,44.41
i_01761,o_0577,Beauty,2,47.3
i_01762,o_0577,Books,2,84.28
i_01763,o_0578,Apparel,1,64.11
i_01764,o_0578,Apparel,1,150.84
i_01765,o_0579,Home Goods,1,15.47
i_01766,o_0579,Electronics,2,26.69
i_01767,o_0579,Books,3,37.85
i_01768,o_0580,Books,2,67.19
i_01769,o_0581,Beauty,2,51.84
i_01770,o_0581,Home Goods,2,58.37
i_01771,o_0581,Electronics,3,43.08
i_01772,o_0582,Electronics,2,37.63
i_01773,o_0582,Electronics,2,40.74
i_01774,o_0582,Books,2,23.23
i_01775,o_0583,Books,1,94.58
i_01776,o_0584,Electronics,1,25.56
i_01777,o_0584,Home Goods,1,36.13
i_01778,o_0584,Beauty,3,37.01
i_01779,o_0585,Books,1,18.95
i_01780,o_0585,Books,3,34.4
i_01781,o_0585,Electronics,2,29.96
i_01782,o_0586,Apparel,3,11.85
i_01783,o_0586,Electronics,3,13.71
i_01784,o_0586,Electronics,3,15.21
i_01785,o_0586,Apparel,2,9.97
i_01786,o_0587,Electronics,2,95.42
i_01787,o_0587,Beauty,1,35.92
i_01788,o_0588,Apparel,3,61.54
i_01789,o_0588,Home Goods,2,89.94
i_01790,o_0589,Apparel,3,90.13
i_01791,o_0589,Apparel,1,60.6
i_01792,o_0589,Beauty,2,123.57
i_01793,o_0589,Beauty,2,105.79
i_01794,o_0589,Home Goods,3,82.39
i_01795,o_0590,Apparel,1,21.29
i_01796,o_0590,Home Goods,3,18.79
i_01797,o_0590,Apparel,3,19.65
i_01798,o_0590,Books,3,30.42
i_01799,o_0590,Books,3,16.99
i_01800,o_0591,Books,3,75.91
i_01801,o_0591,Beauty,2,160.97
i_01802,o_0591,Electronics,1,96.16
i_01803,o_0591,Electronics,2,81.2
i_01804,o_0592,Home Goods,1,79.3
i_01805,o_0592,Beauty,2,87.18
i_01806,o_0593,Books,2,30.49
i_01807,o_0593,Books,2,19.52
i_01808,o_0593,Apparel,2,22.07
i_01809,o_0593,Beauty,3,29.13
i_01810,o_0593,Books,2,14.25
i_01811,o_0594,Beauty,3,63.81
i_01812,o_0594,Electronics,3,28.96
i_01813,o_0594,Books,2,38.26
i_01814,o_0594,Electronics,3,51.44
i_01815,o_0595,Apparel,2,115.22
i_01816,o_0596,Beauty,2,68.68
i_01817,o_0596,Apparel,3,51.1
i_01818,o_0597,Electronics,2,16.34
i_01819,o_0597,Apparel,1,15.84
i_01820,o_0597,Books,3,16.42
i_01821,o_0597,Beauty,1,25.19
i_01822,o_0598,Apparel,2,27.66
i_01823,o_0598,Beauty,3,39.85
i_01824,o_0598,Apparel,3,21.8
i_01825,o_0598,Books,1,29.4
i_01826,o_0598,Books,3,44.31
i_01827,o_0599,Electronics,2,20.27
i_01828,o_0599,Books,3,15.57
i_01829,o_0599,Apparel,3,7.43
i_01830,o_0599,Beauty,1,12.23
i_01831,o_0599,Apparel,1,10.38
i_01832,o_0600,Apparel,2,16.51
i_01833,o_0600,Home Goods,3,25.4
i_01834,o_0600,Books,3,27.87
i_01835,o_0600,Home Goods,1,15.36
i_01836,o_0600,Home Goods,3,12.34
i_01837,o_0601,Beauty,3,21.45
i_01838,o_0601,Books,3,8.51
i_01839,o_0601,Beauty,3,9.85
i_01840,o_0601,Electronics,3,25.12
i_01841,o_0601,Books,1,20.7
i_01842,o_0602,Apparel,3,63.55
i_01843,o_0602,Home Goods,3,60.24
i_01844,o_0602,Home Goods,2,46.43
i_01845,o_0602,Home Goods,3,26.91
i_01846,o_0603,Apparel,1,54.61
i_01847,o_0603,Books,1,92.51
i_01848,o_0604,Apparel,2,73.56
i_01849,o_0604,Beauty,2,54.94
i_01850,o_0604,Beauty,1,40.66
i_01851,o_0604,Home Goods,1,71.43
i_01852,o_0604,Books,2,53.11
i_01853,o_0605,Books,1,57.23
i_01854,o_0605,Home Goods,2,41.28
i_01855,o_0606,Home Goods,2,21.07
i_01856,o_0606,Electronics,3,36.7
i_01857,o_0606,Apparel,1,41.62
i_01858,o_0606,Books,1,31.7
i_01859,o_0607,Electronics,1,55.52
i_01860,o_0607,Beauty,2,63.41
i_01861,o_0607,Books,1,53.89
i_01862,o_0608,Books,3,39.33
i_01863,o_0608,Home Goods,2,60.72
i_01864,o_0609,Home Goods,3,19.71
i_01865,o_0609,Apparel,2,18.27
i_01866,o_0609,Beauty,1,24.38
i_01867,o_0609,Apparel,1,26.82
i_01868,o_0609,Apparel,1,28.24
i_01869,o_0610,Books,3,28.26
i_01870,o_0610,Books,2,27.54
i_01871,o_0610,Electronics,1,11.75
i_01872,o_0610,Beauty,2,15.16
i_01873,o_0610,Beauty,1,24.23
i_01874,o_0611,Apparel,1,29.26
i_01875,o_0611,Home Goods,2,16.05
i_01876,o_0611,Apparel,2,30.67
i_01877,o_0611,Beauty,1,28.36
i_01878,o_0612,Beauty,3,41.56
i_01879,o_0612,Apparel,1,27.31
i_01880,o_0612,Apparel,1,32.76
i_01881,o_0613,Beauty,1,101.35
i_01882,o_0613,Beauty,2,84.87
i_01883,o_0614,Apparel,3,135.9
i_01884,o_0615,Books,1,33.36
i_01885,o_0615,Apparel,1,19.27
i_01886,o_0615,Home Goods,2,47.51
i_01887,o_0615,Electronics,1,46.15
i_01888,o_0615,Beauty,2,26.12
i_01889,o_0616,Electronics,1,17.31
i_01890,o_0616,Books,3,30.49
i_01891,o_0616,Home Goods,1,27.86
i_01892,o_0616,Books,2,26.29
i_01893,o_0616,Books,2,31.46
i_01894,o_0617,Electronics,3,35.14
i_01895,o_0617,Apparel,1,27.69
i_01896,o_0617,Electronics,1,27.14
i_01897,o_0617,Beauty,1,30.71
i_01898,o_0617,Books,1,18.03
i_01899,o_0618,Electronics,1,119.25
i_01900,o_0618,Apparel,2,118.28
i_01901,o_0618,Electronics,1,78.41
i_01902,o_0619,Beauty,3,68.1
i_01903,o_0619,Beauty,1,99.26
i_01904,o_0619,Home Goods,1,85.13
i_01905,o_0619,Electronics,2,115.0
i_01906,o_0620,Apparel,1,44.64
i_01907,o_0620,Electronics,2,42.89
i_01908,o_0620,Home Goods,2,82.41
i_01909,o_0620,Beauty,3,42.77
i_01910,o_0621,Apparel,2,130.19
i_01911,o_0622,Home Goods,1,42.98
i_01912,o_0622,Books,1,27.5
i_01913,o_0622,Apparel,3,36.63
i_01914,o_0622,Books,1,36.41
i_01915,o_0623,Apparel,1,41.52
i_01916,o_0623,Apparel,1,25.58
i_01917,o_0624,Books,1,64.61
i_01918,o_0624,Apparel,3,59.63
i_01919,o_0624,Beauty,2,38.32
i_01920,o_0625,Books,1,39.51
i_01921,o_0625,Beauty,1,43.06
i_01922,o_0625,Beauty,2,56.55
i_01923,o_0626,Beauty,3,390.2
i_01924,o_0627,Beauty,1,216.52
i_01925,o_0628,Apparel,1,81.62
i_01926,o_0628,Home Goods,1,43.53
i_01927,o_0629,Home Goods,3,44.28
i_01928,o_0629,Beauty,3,78.09
i_01929,o_0630,Home Goods,2,36.28
i_01930,o_0630,Books,3,34.8
i_01931,o_0630,Apparel,2,32.0
i_01932,o_0631,Apparel,1,43.98
i_01933,o_0631,Apparel,1,30.93
i_01934,o_0631,Apparel,3,43.45
i_01935,o_0632,Electronics,1,22.22
i_01936,o_0632,Electronics,3,18.4
i_01937,o_0632,Electronics,1,27.0
i_01938,o_0632,Books,2,19.91
i_01939,o_0633,Electronics,3,16.4
i_01940,o_0633,Books,1,32.7
i_01941,o_0633,Books,2,13.56
i_01942,o_0634,Home Goods,1,361.26
i_01943,o_0635,Home Goods,1,37.9
i_01944,o_0635,Beauty,2,37.11
i_01945,o_0635,Beauty,3,24.08
i_01946,o_0636,Electronics,2,55.05
i_01947,o_0636,Home Goods,1,41.3
i_01948,o_0636,Beauty,3,40.8
i_01949,o_0637,Electronics,3,39.99
i_01950,o_0637,Electronics,2,74.36
i_01951,o_0638,Apparel,1,67.27
i_01952,o_0638,Home Goods,2,42.01
i_01953,o_0638,Electronics,1,49.18
i_01954,o_0639,Books,3,31.41
i_01955,o_0639,Apparel,3,24.29
i_01956,o_0639,Apparel,2,14.51
i_01957,o_0639,Beauty,3,22.8
i_01958,o_0640,Apparel,3,104.86
i_01959,o_0641,Beauty,2,10.41
i_01960,o_0641,Home Goods,2,11.18
i_01961,o_0641,Apparel,3,5.94
i_01962,o_0641,Home Goods,1,14.06
i_01963,o_0641,Books,2,11.76
i_01964,o_0642,Apparel,1,120.71
i_01965,o_0643,Books,3,31.04
i_01966,o_0643,Home Goods,3,61.27
i_01967,o_0643,Apparel,2,42.61
i_01968,o_0644,Beauty,2,25.52
i_01969,o_0644,Apparel,3,26.19
i_01970,o_0644,Books,1,21.18
i_01971,o_0645,Beauty,2,133.11
i_01972,o_0645,Electronics,3,114.05
i_01973,o_0646,Electronics,1,46.51
i_01974,o_0646,Books,2,30.2
i_01975,o_0646,Books,1,27.31
i_01976,o_0647,Apparel,3,199.05
i_01977,o_0647,Apparel,1,168.78
i_01978,o_0648,Home Goods,1,96.42
i_01979,o_0648,Apparel,3,76.27
i_01980,o_0648,Home Goods,3,84.76
i_01981,o_0648,Home Goods,1,96.54
i_01982,o_0648,Apparel,3,123.93
i_01983,o_0649,Home Goods,2,107.34
i_01984,o_0649,Books,3,61.99
i_01985,o_0650,Beauty,3,49.16
i_01986,o_0651,Apparel,1,37.65
i_01987,o_0651,Electronics,2,29.14
i_01988,o_0651,Books,1,54.83
i_01989,o_0651,Apparel,3,35.22
i_01990,o_0652,Electronics,3,54.93
i_01991,o_0652,Books,1,68.34
i_01992,o_0653,Apparel,3,24.2
i_01993,o_0653,Apparel,1,14.47
i_01994,o_0653,Beauty,2,23.15
i_01995,o_0653,Home Goods,3,18.14
i_01996,o_0653,Books,2,25.84
i_01997,o_0654,Electronics,1,74.49
i_01998,o_0655,Electronics,3,14.17
i_01999,o_0655,Books,2,10.17
i_02000,o_0655,Home Goods,1,22.05
i_02001,o_0655,Apparel,1,19.78
i_02002,o_0656,Electronics,3,43.35
i_02003,o_0656,Books,1,64.75
i_02004,o_0657,Electronics,1,138.95
i_02005,o_0658,Books,1,29.14
i_02006,o_0658,Apparel,3,50.76
i_02007,o_0658,Books,3,34.34
i_02008,o_0659,Electronics,2,87.08
i_02009,o_0660,Home Goods,2,107.59
i_02010,o_0660,Electronics,2,84.22
i_02011,o_0661,Beauty,2,129.48
i_02012,o_0661,Apparel,1,159.27
i_02013,o_0662,Beauty,3,36.46
i_02014,o_0662,Books,3,82.75
i_02015,o_0662,Books,2,69.96
i_02016,o_0663,Beauty,2,80.37
i_02017,o_0664,Apparel,3,35.12
i_02018,o_0664,Electronics,3,44.08
i_02019,o_0665,Apparel,2,110.22
i_02020,o_0666,Electronics,2,60.49
i_02021,o_0666,Electronics,1,63.38
i_02022,o_0667,Books,3,93.55
i_02023,o_0668,Home Goods,1,67.34
i_02024,o_0668,Home Goods,2,120.31
i_02025,o_0669,Beauty,3,16.09
i_02026,o_0669,Home Goods,1,23.55
i_02027,o_0670,Books,2,528.79
i_02028,o_0671,Beauty,2,14.53
i_02029,o_0671,Books,3,25.21
i_02030,o_0671,Electronics,3,18.95
i_02031,o_0671,Beauty,3,25.59
i_02032,o_0671,Apparel,1,13.03
i_02033,o_0672,Beauty,3,35.06
i_02034,o_0672,Apparel,1,29.67
i_02035,o_0672,Beauty,3,38.79
i_02036,o_0673,Home Goods,1,21.53
i_02037,o_0673,Beauty,2,14.05
i_02038,o_0673,Books,1,18.1
i_02039,o_0673,Electronics,1,25.83
i_02040,o_0673,Home Goods,2,27.97
i_02041,o_0674,Books,1,131.41
i_02042,o_0675,Beauty,2,32.41
i_02043,o_0675,Electronics,3,25.8
i_02044,o_0675,Home Goods,1,62.7
i_02045,o_0675,Beauty,1,32.78
i_02046,o_0676,Books,2,97.97
i_02047,o_0676,Electronics,1,79.48
i_02048,o_0677,Home Goods,3,166.94
i_02049,o_0677,Books,1,243.91
i_02050,o_0678,Beauty,1,34.18
i_02051,o_0678,Beauty,1,27.83
i_02052,o_0678,Home Goods,2,28.21
i_02053,o_0678,Books,1,34.79
i_02054,o_0679,Apparel,1,53.47
i_02055,o_0679,Apparel,2,66.64
i_02056,o_0680,Books,2,9.45
i_02057,o_0680,Home Goods,2,27.44
i_02058,o_0680,Home Goods,2,18.64
i_02059,o_0680,Electronics,2,17.89
i_02060,o_0681,Beauty,1,22.37
i_02061,o_0681,Home Goods,3,16.47
i_02062,o_0681,Home Goods,3,21.96
i_02063,o_0681,Apparel,2,10.67
i_02064,o_0682,Beauty,1,30.37
i_02065,o_0682,Home Goods,3,32.07
i_02066,o_0682,Home Goods,1,25.87
i_02067,o_0682,Electronics,3,19.97
i_02068,o_0682,Home Goods,3,28.64
i_02069,o_0683,Electronics,3,10.1
i_02070,o_0683,Home Goods,1,14.87
i_02071,o_0683,Apparel,3,12.49
i_02072,o_0683,Electronics,2,21.35
i_02073,o_0683,Apparel,3,10.82
i_02074,o_0684,Apparel,2,18.75
i_02075,o_0684,Home Goods,1,21.82
i_02076,o_0684,Apparel,1,13.96
i_02077,o_0684,Apparel,2,11.42
i_02078,o_0684,Electronics,1,8.12
i_02079,o_0685,Home Goods,1,148.18
i_02080,o_0685,Books,3,168.93
i_02081,o_0685,Apparel,2,121.9
i_02082,o_0686,Electronics,1,216.92
i_02083,o_0687,Home Goods,1,53.41
i_02084,o_0687,Apparel,2,55.32
i_02085,o_0688,Beauty,3,146.18
i_02086,o_0689,Apparel,1,28.19
i_02087,o_0689,Home Goods,3,17.46
i_02088,o_0689,Electronics,3,39.11
i_02089,o_0690,Electronics,3,35.13
i_02090,o_0690,Home Goods,2,28.17
i_02091,o_0690,Books,3,42.52
i_02092,o_0691,Beauty,2,484.08
i_02093,o_0692,Beauty,3,20.36
i_02094,o_0692,Electronics,1,21.04
i_02095,o_0692,Beauty,2,20.66
i_02096,o_0692,Apparel,2,26.39
i_02097,o_0693,Beauty,1,194.1
i_02098,o_0693,Electronics,1,141.43
i_02099,o_0693,Electronics,1,144.08
i_02100,o_0694,Beauty,2,35.75
i_02101,o_0694,Electronics,2,81.34
i_02102,o_0695,Books,2,13.43
i_02103,o_0695,Home Goods,3,20.37
i_02104,o_0695,Apparel,1,22.17
i_02105,o_0695,Home Goods,1,14.42
i_02106,o_0696,Home Goods,1,40.1
i_02107,o_0696,Home Goods,1,45.5
i_02108,o_0696,Books,2,47.01
i_02109,o_0697,Electronics,1,65.82
i_02110,o_0697,Books,2,76.82
i_02111,o_0698,Home Goods,3,31.05
i_02112,o_0698,Home Goods,3,37.61
i_02113,o_0699,Home Goods,3,77.78
i_02114,o_0700,Books,3,51.49
i_02115,o_0700,Beauty,3,41.0
i_02116,o_0701,Beauty,1,38.31
i_02117,o_0701,Home Goods,3,55.48
i_02118,o_0701,Books,1,53.03
i_02119,o_0701,Home Goods,2,51.39
i_02120,o_0701,Books,1,55.06
i_02121,o_0702,Home Goods,2,35.04
i_02122,o_0702,Electronics,2,25.86
i_02123,o_0702,Apparel,3,36.1
i_02124,o_0702,Electronics,3,38.33
i_02125,o_0703,Home Goods,3,11.8
i_02126,o_0703,Beauty,2,12.95
i_02127,o_0703,Beauty,3,12.98
i_02128,o_0703,Home Goods,3,8.86
i_02129,o_0703,Beauty,3,8.66
i_02130,o_0704,Beauty,1,29.59
i_02131,o_0704,Home Goods,3,54.68
i_02132,o_0704,Apparel,2,24.21
i_02133,o_0705,Apparel,3,55.59
i_02134,o_0705,Home Goods,3,61.13
i_02135,o_0705,Books,2,64.57
i_02136,o_0705,Beauty,1,48.09
i_02137,o_0705,Apparel,3,50.31
i_02138,o_0706,Home Goods,1,41.1
i_02139,o_0706,Beauty,1,23.09
i_02140,o_0706,Books,3,14.51
i_02141,o_0706,Beauty,3,30.4
i_02142,o_0706,Beauty,1,38.64
i_02143,o_0707,Apparel,3,33.95
i_02144,o_0707,Books,2,67.33
i_02145,o_0708,Apparel,1,142.77
i_02146,o_0708,Apparel,1,108.74
i_02147,o_0708,Books,2,147.9
i_02148,o_0709,Apparel,2,112.05
i_02149,o_0710,Apparel,2,26.89
i_02150,o_0710,Beauty,1,43.42
i_02151,o_0710,Beauty,3,35.01
i_02152,o_0711,Books,2,20.04
i_02153,o_0711,Electronics,3,18.63
i_02154,o_0711,Beauty,3,14.84
i_02155,o_0711,Apparel,1,7.54
i_02156,o_0711,Apparel,1,17.26
i_02157,o_0712,Apparel,3,40.53
i_02158,o_0712,Beauty,3,46.7
i_02159,o_0712,Home Goods,2,51.89
i_02160,o_0713,Home Goods,2,90.72
i_02161,o_0713,Apparel,1,51.65
i_02162,o_0714,Electronics,3,56.55
i_02163,o_0715,Apparel,3,145.57
i_02164,o_0716,Home Goods,1,83.16
i_02165,o_0717,Books,2,45.34
i_02166,o_0717,Beauty,3,39.93
i_02167,o_0717,Books,1,42.26
i_02168,o_0718,Home Goods,1,46.23
i_02169,o_0718,Beauty,2,37.55
i_02170,o_0718,Electronics,3,32.91
i_02171,o_0719,Books,1,98.28
i_02172,o_0719,Home Goods,2,121.4
i_02173,o_0719,Apparel,3,142.71
i_02174,o_0719,Apparel,3,137.41
i_02175,o_0720,Home Goods,3,15.25
i_02176,o_0720,Apparel,3,31.03
i_02177,o_0720,Beauty,3,15.83
i_02178,o_0720,Beauty,3,33.72
i_02179,o_0720,Beauty,1,21.59
i_02180,o_0721,Apparel,1,46.13
i_02181,o_0721,Books,2,75.76
i_02182,o_0722,Books,2,54.26
i_02183,o_0722,Books,2,34.05
i_02184,o_0723,Books,2,14.41
i_02185,o_0723,Apparel,2,39.61
i_02186,o_0723,Books,3,33.57
i_02187,o_0723,Beauty,1,30.6
i_02188,o_0724,Apparel,1,10.45
i_02189,o_0724,Books,3,11.61
i_02190,o_0724,Electronics,2,12.08
i_02191,o_0725,Beauty,3,105.8
i_02192,o_0726,Apparel,2,36.28
i_02193,o_0726,Beauty,3,23.71
i_02194,o_0726,Beauty,3,16.8
i_02195,o_0726,Apparel,3,26.31
i_02196,o_0727,Beauty,2,74.32
i_02197,o_0727,Apparel,1,71.42
i_02198,o_0728,Electronics,1,108.51
i_02199,o_0728,Electronics,2,87.16
i_02200,o_0728,Apparel,1,218.9
i_02201,o_0728,Books,1,120.67
i_02202,o_0729,Apparel,2,29.69
i_02203,o_0729,Books,2,46.46
i_02204,o_0729,Books,3,33.16
i_02205,o_0730,Books,1,35.19
i_02206,o_0730,Books,3,24.77
i_02207,o_0730,Beauty,2,14.98
i_02208,o_0730,Beauty,1,13.36
i_02209,o_0731,Electronics,1,59.4
i_02210,o_0731,Electronics,2,43.55
i_02211,o_0732,Electronics,3,29.48
i_02212,o_0732,Home Goods,3,23.61
i_02213,o_0732,Home Goods,2,23.31
i_02214,o_0732,Home Goods,3,28.32
i_02215,o_0732,Electronics,3,20.25
i_02216,o_0733,Electronics,1,21.36
i_02217,o_0733,Books,2,52.5
i_02218,o_0733,Home Goods,2,28.98
i_02219,o_0734,Electronics,1,32.58
i_02220,o_0734,Home Goods,1,56.89
i_02221,o_0735,Home Goods,3,15.12
i_02222,o_0735,Apparel,3,27.88
i_02223,o_0735,Beauty,3,36.44
i_02224,o_0735,Beauty,2,30.48
i_02225,o_0735,Beauty,1,26.94
i_02226,o_0736,Apparel,1,46.09
i_02227,o_0736,Home Goods,1,50.11
i_02228,o_0737,Beauty,2,34.72
i_02229,o_0737,Apparel,1,36.82
i_02230,o_0737,Beauty,2,70.33
i_02231,o_0737,Beauty,3,73.88
i_02232,o_0737,Books,1,36.57
i_02233,o_0738,Beauty,2,53.45
i_02234,o_0738,Beauty,3,58.26
i_02235,o_0738,Electronics,3,27.88
i_02236,o_0739,Electronics,1,81.42
i_02237,o_0740,Home Goods,1,27.57
i_02238,o_0740,Books,3,30.43
i_02239,o_0740,Home Goods,2,29.36
i_02240,o_0740,Books,3,53.84
i_02241,o_0741,Beauty,2,113.7
i_02242,o_0742,Books,2,22.1
i_02243,o_0742,Apparel,1,18.66
i_02244,o_0742,Electronics,3,19.83
i_02245,o_0742,Electronics,1,27.9
i_02246,o_0742,Electronics,2,20.37
i_02247,o_0743,Home Goods,2,152.65
i_02248,o_0744,Beauty,1,19.55
i_02249,o_0744,Home Goods,3,21.75
i_02250,o_0744,Electronics,3,13.56
i_02251,o_0744,Electronics,1,10.67
i_02252,o_0744,Electronics,3,20.98
i_02253,o_0745,Home Goods,3,41.45
i_02254,o_0745,Beauty,2,48.3
i_02255,o_0745,Apparel,3,59.48
i_02256,o_0746,Beauty,3,29.58
i_02257,o_0746,Apparel,3,26.63
i_02258,o_0746,Electronics,1,40.11
i_02259,o_0746,Apparel,2,44.69
i_02260,o_0747,Apparel,1,43.42
i_02261,o_0747,Apparel,3,18.53
i_02262,o_0747,Books,2,22.28
i_02263,o_0747,Beauty,3,41.94
i_02264,o_0748,Home Goods,1,118.25
i_02265,o_0748,Electronics,3,168.88
i_02266,o_0748,Home Goods,2,142.68
i_02267,o_0749,Books,2,136.92
i_02268,o_0750,Apparel,3,51.5
i_02269,o_0750,Books,3,19.67
i_02270,o_0751,Beauty,1,43.07
i_02271,o_0751,Electronics,1,75.42
i_02272,o_0752,Home Goods,2,231.08
i_02273,o_0752,Electronics,3,294.99
i_02274,o_0753,Apparel,2,63.33
i_02275,o_0753,Books,3,82.77
i_02276,o_0753,Books,1,53.53
i_02277,o_0754,Electronics,2,48.86
i_02278,o_0754,Home Goods,3,54.78
i_02279,o_0754,Books,1,62.16
i_02280,o_0754,Home Goods,2,23.09
i_02281,o_0755,Books,2,3.95
i_02282,o_0755,Beauty,3,5.15
i_02283,o_0755,Beauty,3,7.37
i_02284,o_0755,Home Goods,1,3.24
i_02285,o_0755,Home Goods,3,3.63
i_02286,o_0756,Electronics,1,118.96
i_02287,o_0757,Beauty,3,85.33
i_02288,o_0757,Books,3,38.85
i_02289,o_0758,Books,2,28.31
i_02290,o_0758,Apparel,1,22.86
i_02291,o_0758,Books,3,13.79
i_02292,o_0758,Home Goods,2,24.23
i_02293,o_0758,Beauty,1,23.94
i_02294,o_0759,Apparel,3,89.16
i_02295,o_0759,Apparel,2,109.72
i_02296,o_0759,Electronics,3,83.43
i_02297,o_0759,Apparel,3,116.14
i_02298,o_0759,Home Goods,3,79.0
i_02299,o_0760,Books,1,55.03
i_02300,o_0760,Apparel,2,44.18
i_02301,o_0760,Home Goods,1,53.6
i_02302,o_0761,Home Goods,1,169.51
i_02303,o_0762,Home Goods,1,22.81
i_02304,o_0762,Beauty,1,19.11
i_02305,o_0762,Home Goods,1,16.61
i_02306,o_0762,Electronics,3,31.66
i_02307,o_0763,Beauty,3,151.87
i_02308,o_0764,Apparel,1,133.27
i_02309,o_0765,Electronics,2,295.75
i_02310,o_0766,Electronics,2,12.38
i_02311,o_0766,Books,1,16.58
i_02312,o_0766,Electronics,1,17.62
i_02313,o_0767,Beauty,2,94.73
i_02314,o_0768,Apparel,2,43.38
i_02315,o_0768,Beauty,1,52.43
i_02316,o_0769,Books,3,54.15
i_02317,o_0769,Books,3,80.44
i_02318,o_0770,Apparel,1,83.66
i_02319,o_0770,Books,3,91.58
i_02320,o_0771,Books,3,25.29
i_02321,o_0771,Electronics,2,11.49
i_02322,o_0771,Apparel,2,11.42
i_02323,o_0771,Beauty,1,17.19
i_02324,o_0772,Electronics,2,64.66
i_02325,o_0772,Electronics,3,55.58
i_02326,o_0773,Beauty,3,25.47
i_02327,o_0773,Apparel,3,24.8
i_02328,o_0773,Home Goods,3,19.22
i_02329,o_0773,Electronics,3,40.81
i_02330,o_0773,Apparel,2,22.43
i_02331,o_0774,Books,3,15.7
i_02332,o_0774,Books,3,20.24
i_02333,o_0774,Beauty,3,19.61
i_02334,o_0774,Apparel,2,20.09
i_02335,o_0774,Beauty,2,39.75
i_02336,o_0775,Home Goods,3,117.71
i_02337,o_0776,Beauty,2,102.81
i_02338,o_0776,Home Goods,2,88.73
i_02339,o_0776,Electronics,2,109.91
i_02340,o_0776,Home Goods,2,61.4
i_02341,o_0777,Books,2,129.44
i_02342,o_0778,Electronics,1,54.68
i_02343,o_0778,Home Goods,1,33.2
i_02344,o_0779,Books,2,101.25
i_02345,o_0779,Beauty,1,58.36
i_02346,o_0780,Apparel,3,202.99
i_02347,o_0780,Apparel,2,151.2
i_02348,o_0781,Electronics,3,29.92
i_02349,o_0781,Beauty,1,47.51
i_02350,o_0782,Home Goods,2,43.24
i_02351,o_0782,Apparel,2,17.52
i_02352,o_0782,Beauty,1,42.94
i_02353,o_0782,Home Goods,1,45.51
i_02354,o_0783,Electronics,3,158.27
i_02355,o_0784,Home Goods,3,16.31
i_02356,o_0784,Books,3,38.09
i_02357,o_0784,Apparel,1,35.89
i_02358,o_0784,Books,3,28.84
i_02359,o_0785,Home Goods,2,23.65
i_02360,o_0785,Home Goods,2,25.29
i_02361,o_0785,Home Goods,1,42.77
i_02362,o_0785,Apparel,3,53.73
i_02363,o_0786,Apparel,3,18.01
i_02364,o_0786,Apparel,2,31.69
i_02365,o_0786,Electronics,3,31.81
i_02366,o_0786,Apparel,3,14.67
i_02367,o_0786,Electronics,1,42.18
i_02368,o_0787,Electronics,1,4.84
i_02369,o_0787,Home Goods,3,4.31
i_02370,o_0787,Books,2,4.8
i_02371,o_0788,Home Goods,1,142.98
i_02372,o_0789,Home Goods,3,377.64
i_02373,o_0790,Beauty,1,17.55
i_02374,o_0790,Electronics,3,21.46
i_02375,o_0790,Home Goods,1,15.49
i_02376,o_0790,Books,2,19.0
i_02377,o_0790,Electronics,2,28.06
i_02378,o_0791,Books,2,28.68
i_02379,o_0791,Apparel,1,35.96
i_02380,o_0791,Apparel,2,34.68
i_02381,o_0791,Books,2,29.35
i_02382,o_0792,Home Goods,2,83.43
i_02383,o_0792,Books,3,83.7
i_02384,o_0792,Books,3,63.12
i_02385,o_0792,Apparel,3,46.66
i_02386,o_0793,Books,3,369.01
i_02387,o_0794,Electronics,1,19.12
i_02388,o_0794,Electronics,1,16.42
i_02389,o_0794,Home Goods,1,14.13
i_02390,o_0794,Beauty,2,16.1
i_02391,o_0795,Beauty,3,282.25
i_02392,o_0795,Books,2,234.26
i_02393,o_0796,Electronics,1,3954.24
i_02394,o_0796,Books,3,3360.65
i_02395,o_0796,Apparel,2,3567.56
i_02396,o_0796,Books,3,4443.43
i_02397,o_0796,Beauty,1,5103.85
i_02398,o_0797,Beauty,2,376.49
i_02399,o_0798,Beauty,1,25.41
i_02400,o_0798,Books,1,22.41
i_02401,o_0799,Apparel,1,12.17
i_02402,o_0799,Electronics,2,14.25
i_02403,o_0799,Home Goods,2,15.06
i_02404,o_0799,Books,1,13.38
